醫事機構代碼,醫事機構名稱,醫事機構地址,經度,緯度,醫事機構電話,廠牌項目,快篩試劑截至目前結餘存貨數量,來源資料時間,備註
2331200010,新北市坪林區衛生所,新北市坪林區坪林街１０４號,121.7095,24.93592,(02)26656272,羅氏家用新冠病毒抗原自我檢測套組,11,2022/05/13 17:52:32,防疫口罩販售服務時間，星期一至五09:00-12:00 。（倘若遇政府規定補班日，仍會提供販售口罩服務）
2336210034,臺中市和平區梨山衛生所,臺中市和平區中正路１２號１樓、６８號１樓,121.2592,24.25678,(04)25989540,羅氏家用新冠病毒抗原自我檢測套組,5,2022/05/13 17:52:32,提供24小時急診待診服務，快篩試劑販售時段為周一至五0900-12:00，六日及國定假日為0900-1100
2340170016,嘉義縣大埔鄉衛生所,嘉義縣大埔鄉大埔村５３－１號,120.5928,23.29397,(05)2521214,羅氏家用新冠病毒抗原自我檢測套組,56,2022/05/13 17:52:32,無
2342270019,高雄市那瑪夏區衛生所,高雄市那瑪夏區瑪雅里６鄰平和巷２５２號,120.7024,23.24708,(07)6701142,羅氏家用新冠病毒抗原自我檢測套組,3,2022/05/13 17:52:32,春節期間正常門診
2344011036,澎湖縣馬公市第三衛生所,澎湖縣馬公市西文里１１８之２號,119.5836,23.56813,(06)9211723,羅氏家用新冠病毒抗原自我檢測套組,84,2022/05/13 17:52:32,本所快篩試劑只提供離島衛生室（虎井、桶盤）販售，時間週一至週五08:30-17:00售完為止，星期六、日國定假日09:00-12:00。
2344030013,澎湖縣白沙鄉衛生所,澎湖縣白沙鄉赤崁村３５９號,119.5982,23.66669,(06)9931044,羅氏家用新冠病毒抗原自我檢測套組,14,2022/05/13 17:52:32,星期日上午門診看診（每月最後一個星期日休診）； 星期五上午巡迴醫療（中屯村，講美村，通樑村）
2344030022,澎湖縣白沙鄉鳥嶼衛生所,澎湖縣白沙鄉鳥嶼村漁港新村３號,119.6599,23.66008,(06)9916092,羅氏家用新冠病毒抗原自我檢測套組,193,2022/05/13 17:52:32,非上班時間提供急診服務
2344030031,澎湖縣白沙鄉吉貝衛生所,澎湖縣白沙鄉吉貝村８－１３號,119.6138,23.74056,(06)9911430,羅氏家用新冠病毒抗原自我檢測套組,343,2022/05/13 17:52:32,無
2344050015,澎湖縣望安鄉衛生所,澎湖縣望安鄉西安村３６－７號,119.4972,23.36161,(06)9991036,羅氏家用新冠病毒抗原自我檢測套組,54,2022/05/13 17:52:32,夜間急診。快篩試劑販售時間為:每日08:00-12:00、13:30-17:30售完為止，如有餘數為離島未售出（東嶼坪、花嶼）。
2344050024,澎湖縣望安鄉將軍衛生所,澎湖縣望安鄉將軍村１２鄰將軍澳１之３號,119.5216,23.3615,(06)9902066,羅氏家用新冠病毒抗原自我檢測套組,46,2022/05/13 17:52:32,24小時急診
2346140012,台東縣達仁鄉衛生所,臺東縣達仁鄉安朔村復興路１２２號,120.8836,22.29488,(089)702209,羅氏家用新冠病毒抗原自我檢測套組,5,2022/05/13 17:52:32,12／31 元旦連假
2346160014,台東縣蘭嶼鄉衛生所,臺東縣蘭嶼鄉紅頭村３６號,121.5546,22.02493,(089)732575,羅氏家用新冠病毒抗原自我檢測套組,16,2022/05/13 17:52:32,販售口罩時間 星期一至星期五 8:00~12:00 13:30~17:30
2391020010,連江縣北竿鄉衛生所,連江縣北竿鄉塘岐村２８１－６號,119.9991,26.22617,(083)655592,羅氏家用新冠病毒抗原自我檢測套組,51,2022/05/13 17:52:32,新冠快篩試劑販售於週一至周六每日上午08:30-12:00開放購買。
2391030016,連江縣莒光鄉西莒衛生所,連江縣莒光鄉青帆村１４－１號,119.9331,25.97157,(083)689122,羅氏家用新冠病毒抗原自我檢測套組,210,2022/05/13 17:52:32,防疫口罩星期一至五09:00-17:00、（六）09:00-12:00現場購買
2391030026,連江縣莒光鄉東莒衛生所,連江縣莒光鄉大坪村３０－１號,119.9731,25.96113,(083)689038,羅氏家用新冠病毒抗原自我檢測套組,402,2022/05/13 17:52:32,防疫口罩星期一至星期日上午10:00-12:00收取健保卡，下午3:30至本所領取口罩。
5901012598,婕登藥局,臺北市松山區八德路４段６９９號,121.5766,25.05021,(02)27482893,羅氏家用新冠病毒抗原自我檢測套組,10,2022/05/13 17:52:32,今天快篩已經發送完畢（電腦庫存不準）
5901012632,晨安藥局,臺北市松山區八德路３段１５５巷２０弄２號,121.5553,25.04914,(02)25798460,羅氏家用新冠病毒抗原自我檢測套組,2,2022/05/13 17:52:32,快篩實名制販售時間:平日下午3點-假日下午1點；現場販售，不抽號碼牌。
5901012712,立康大藥局,臺北市松山區八德路四段２－１號,121.5581,25.04812,(02)27471749,羅氏家用新冠病毒抗原自我檢測套組,42,2022/05/13 17:52:32,快篩時間：周一～周五9:30-14:00，18:00-21:30。周六10:30-12:30，18:00-20:00。周日暫停販售。如有修正以店面公告為主
5901013095,康采藥局,臺北市松山區南京東路５段２９１巷１７－２號,121.5663,25.05236,(02)27670271,羅氏家用新冠病毒抗原自我檢測套組,16,2022/05/13 17:52:32,（已完售，庫存不準）快篩試劑每日16點販售，週日沒有販售
5901013399,一安正昇藥局,臺北市松山區南京東路５段３０９號,121.5667,25.05155,(02)27680993,羅氏家用新冠病毒抗原自我檢測套組,8,2022/05/13 17:52:32,快篩發放時間  下午14:30
5901013442,松山八德藥局,臺北市松山區八德路２段４００號,121.5466,25.04804,(02)27782773,羅氏家用新冠病毒抗原自我檢測套組,20,2022/05/13 17:52:32,快篩實名制，每天16:00開始販售，售完為止。
5901013657,順儷中崙藥局,臺北市松山區八德路３段７４巷４８號１樓,121.5525,25.04685,(02)25796900,羅氏家用新冠病毒抗原自我檢測套組,6,2022/05/13 17:52:32,無
5901013737,全欣藥局,臺北市松山區復興北路７３號２樓,121.5442,25.05104,(02)87729066,羅氏家用新冠病毒抗原自我檢測套組,79,2022/05/13 17:52:32,9:00am開始販售30人份15:00販售30人份:18:00販售17人份；週六:9:00販售39人份；週日:15:00販售39人份....排隊人數滿會先發號碼
5901013746,富景藥局,臺北市松山區三民路１４５號１樓,121.5631,25.06078,(02)27455666,羅氏家用新冠病毒抗原自我檢測套組,6,2022/05/13 17:52:32,無
5901020303,宏恩藥局,臺北市大安區大安路１段１８１號,121.5461,25.03619,(02)27000956,羅氏家用新冠病毒抗原自我檢測套組,4,2022/05/13 17:52:32,實名制快篩每周一~六，10:00發放號碼牌， 後於12:00~21:00自由擇時，持號碼牌領取快篩並收費
5901021408,生百藥局,臺北市大安區臨江街１２４號,121.5539,25.03024,(02)27371011,羅氏家用新冠病毒抗原自我檢測套組,44,2022/05/13 17:52:32,無
5901023215,大愛健康藥局,臺北市大安區敦化南路２段６３巷６５號,121.552,25.03103,(02)27092156,羅氏家用新冠病毒抗原自我檢測套組,49,2022/05/13 17:52:32,無
5901024098,杏一瑞安藥局,臺北市大安區瑞安街２０８巷１１弄１號,121.5406,25.02866,(02)27096710,羅氏家用新冠病毒抗原自我檢測套組,6,2022/05/13 17:52:32,3點發快篩，前5分鐘發牌
5901024687,博昱大藥局,臺北市大安區樂業街１４８號、１５０號,121.5529,25.01998,(02)23776199,羅氏家用新冠病毒抗原自我檢測套組,24,2022/05/13 17:52:32,快篩發放為周一至周五1600開始發放
5901024918,康祥藥局,臺北市大安區忠孝東路４段２１６巷２１號,121.5531,25.04025,(02)27817891,羅氏家用新冠病毒抗原自我檢測套組,4,2022/05/13 17:52:32,星期天11:00-19:00
5901024981,專品六張犁藥局,臺北市大安區基隆路２段２１７號１樓,121.5513,25.02299,(02)87322226,羅氏家用新冠病毒抗原自我檢測套組,35,2022/05/13 17:52:32,無
5901025031,中力信義藥局,臺北市大安區信義路４段５１號（１樓）,121.545,25.03354,(02)23250266,羅氏家用新冠病毒抗原自我檢測套組,9,2022/05/13 17:52:32,下午一點到三點販售實名制快篩（周日不販售）
5901090341,正中藥局,臺北市大同區民族西路２１３號,121.5142,25.06874,(02)25976937,羅氏家用新冠病毒抗原自我檢測套組,6,2022/05/13 17:52:32,無
5901091884,躍獅雙蓮藥局,臺北市大同區涼州街４號,121.5147,25.06078,(02)25537551,羅氏家用新冠病毒抗原自我檢測套組,94,2022/05/13 17:52:32,實名制快篩：平日週一～五 下午３點開賣 （六、日停售）
5901092014,旭豐藥局,臺北市大同區昌吉街９６號,121.5151,25.06582,(02)25853880,羅氏家用新冠病毒抗原自我檢測套組,1,2022/05/13 17:52:32,實名制快篩試劑下午4:00開始販售
5901092130,大同民生藥局,臺北市大同區民生西路１２８號１樓、２樓及１３０號１樓、２樓,121.5191,25.05734,(02)25558886,羅氏家用新冠病毒抗原自我檢測套組,11,2022/05/13 17:52:32,快篩實名制，每天16:00開始販售，售完為止。
5901092149,123宅藥局,臺北市大同區鄭州路１２３號（１樓）,121.5109,25.05033,(02)25588699,羅氏家用新冠病毒抗原自我檢測套組,15,2022/05/13 17:52:32,【家用快篩實名制】週一至週五17:30 開始販售 ； 週六、週日10:30 開始販售。★前十分鐘開始發放號碼牌
5901100333,明美藥局,臺北市中山區長春路６９號,121.5266,25.05502,(02)25365419,羅氏家用新冠病毒抗原自我檢測套組,9,2022/05/13 17:52:32,口罩周一至周五，16:30-18:30販售
5901100422,滿順藥局,臺北市中山區伊通街５４號１樓,121.5347,25.05145,(02)25075283,羅氏家用新冠病毒抗原自我檢測套組,1,2022/05/13 17:52:32,快篩服務時間 AM 8:30 起 售完為止
5901101321,文德藥局,臺北市中山區龍江路３５６巷１９號１樓,121.5401,25.06607,(02)25181178,羅氏家用新冠病毒抗原自我檢測套組,31,2022/05/13 17:52:32,無
5901101509,永直藥局,臺北市中山區北安路５９５巷２弄６號,121.5483,25.08192,(02)85098059,羅氏家用新冠病毒抗原自我檢測套組,182,2022/05/13 17:52:32,周一至周六早上8點發號碼牌，下午2點到晚上8點販售（拿號碼牌來買），周日不販售
5901101910,嘉恩藥局,臺北市中山區錦州街３２１號,121.5385,25.06033,(02)25181418,羅氏家用新冠病毒抗原自我檢測套組,15,2022/05/13 17:52:32,週一至週六下午一點販售快篩試劑
5901101929,樂活苑藥局,臺北市中山區北安路５４６號１樓,121.548,25.08014,(02)25323296,羅氏家用新冠病毒抗原自我檢測套組,3,2022/05/13 17:52:32,實名制快篩代售時間為18:00~19:00.現場排隊，不發號碼牌.
5901102015,久大藥局,臺北市中山區林森北路４８０號,121.5255,25.06127,(02)25111594,羅氏家用新冠病毒抗原自我檢測套組,16,2022/05/13 17:52:32,即日起周一至周六下午1:00-4:00領取口罩。 周日休息
5901102444,啟美藥師藥局,臺北市中山區錦州街２８２號,121.5352,25.06024,(02)25178032,羅氏家用新冠病毒抗原自我檢測套組,13,2022/05/13 17:52:32,快篩 販售時間 20點開賣到21點，星期六日公休
5901102579,躍獅晴光藥局,臺北市中山區農安街２３之２號,121.5245,25.06501,(02)25951393,羅氏家用新冠病毒抗原自我檢測套組,14,2022/05/13 17:52:32,實名制快篩販售時間17:00，售完會提前結束
5901102597,德惠藥局,臺北市中山區德惠街１２２號,121.53,25.06652,(02)25971131,羅氏家用新冠病毒抗原自我檢測套組,30,2022/05/13 17:52:32,每日下午3點30分開始販售快篩實名制
5901102855,錦西春天生活藥局,臺北市中山區錦西街１０號,121.5216,25.06024,(02)25312658,羅氏家用新冠病毒抗原自我檢測套組,1,2022/05/13 17:52:32,快篩14:40領號碼牌 15:00開始販售
5901103192,昶青林森藥局,臺北市中山區林森北路１１９巷５２號,121.5269,25.05018,(02)25639939,羅氏家用新冠病毒抗原自我檢測套組,1,2022/05/13 17:52:32,口罩代售平日10:30-20:00，例假日13:30-18:00 售完為止
5901103325,仁一藥局,臺北市中山區林森北路５２０號,121.5255,25.06232,(02)25711742,羅氏家用新冠病毒抗原自我檢測套組,1,2022/05/13 17:52:32,快篩發放時間每日下午2點
5901103414,元宏藥局,臺北市中山區北安路４５８巷４１弄４９號,121.5465,25.0794,(02)25339728,羅氏家用新冠病毒抗原自我檢測套組,3,2022/05/13 17:52:32,快篩試劑於週一至週五及週日下午2:30販售，週六不販售。
5901103423,農安藥局,臺北市中山區農安街１８之１號,121.5248,25.06483,(02)25959293,羅氏家用新冠病毒抗原自我檢測套組,1,2022/05/13 17:52:32,5／11起快篩2點開賣
5901103585,禾全藥局,臺北市中山區龍江路３３２號,121.5409,25.06532,(02)25165721,羅氏家用新冠病毒抗原自我檢測套組,39,2022/05/13 17:52:32,實名制快篩發放時間：1400、19:00  ；現場排隊
5901103629,十二願藥局,臺北市中山區林森北路３０９號,121.5256,25.05588,(02)25311223,羅氏家用新冠病毒抗原自我檢測套組,72,2022/05/13 17:52:32,快篩晚上8點開始發放.營業時間下午1點至凌晨3點
5901103656,大樹龍江藥局,臺北市中山區龍江路２４２號,121.5406,25.05889,(02)25035666,羅氏家用新冠病毒抗原自我檢測套組,8,2022/05/13 17:52:32,快篩實名制，每天16:00開始販售，售完為止。
5901103674,康廷藥局,臺北市中山區北安路６１１號（實際營業地址：１層）,121.5488,25.08253,(02)25335890,羅氏家用新冠病毒抗原自我檢測套組,120,2022/05/13 17:52:32,無
5901103692,誠果中西藥局,臺北市中山區吉林路１０１號１樓,121.5303,25.05619,(02)25238563,羅氏家用新冠病毒抗原自我檢測套組,14,2022/05/13 17:52:32,因為當日才收到快篩 本周發送時間不確定 麻煩現場來加line群組關注會提前告知
5901103745,吉林藥局,臺北市中山區吉林路３７１號（１樓）,121.5305,25.06511,(02)25865990,羅氏家用新冠病毒抗原自我檢測套組,32,2022/05/13 17:52:32,快篩實名制，每天16:00開始販售，售完為止。
5901103754,永育康暉藥局,臺北市中山區樂群二路２１０之２號１樓,121.5593,25.07952,(02)85012227,羅氏家用新冠病毒抗原自我檢測套組,1,2022/05/13 17:52:32,快篩試劑8:30開始販售，賣完為止
5901103807,專品龍江藥局,臺北市中山區龍江路３１１號１樓,121.5409,25.06127,(02)25178870,羅氏家用新冠病毒抗原自我檢測套組,24,2022/05/13 17:52:32,實名制快篩下午三點開始發號碼牌販售
5901113018,桔子藥局,臺北市內湖區內湖路２段３３３號,121.5917,25.08319,(02)27930052,羅氏家用新冠病毒抗原自我檢測套組,78,2022/05/13 17:52:32,早0900-1200，午1400-1700，晚1900-2100
5901113250,大內湖藥局,臺北市內湖區成功路３段１６４號１樓,121.5903,25.08035,(02)27956286,羅氏家用新冠病毒抗原自我檢測套組,5,2022/05/13 17:52:32,早上9:30開始發售
5901113385,躍獅康成藥局,臺北市內湖區成功路４段６１巷１１號,121.5928,25.0814,(02)87922031,羅氏家用新冠病毒抗原自我檢測套組,1,2022/05/13 17:52:32,如有收到政府配送，實名制快篩13:40發號碼牌，14:00開賣。實名制口罩已無販售。
5901113661,內湖藥局,臺北市內湖區康寧路１段１１６號１樓,121.5934,25.07948,(02)27940545,羅氏家用新冠病毒抗原自我檢測套組,14,2022/05/13 17:52:32,快篩實名制，每天16:00開始販售，售完為止。
5901121421,祥安藥局,臺北市南港區中坡南路２５號,121.5832,25.04329,(02)26547322,羅氏家用新冠病毒抗原自我檢測套組,3,2022/05/13 17:52:32,無
5901121618,新東發藥局,臺北市南港區成福路１９８號,121.5883,25.04092,(02)27855190,羅氏家用新冠病毒抗原自我檢測套組,28,2022/05/13 17:52:32,營業時間 早上10:00 因政府配送不穩 快篩銷售時間 藥局現場公告為主
5901121823,儀安健保藥局,臺北市南港區同德路７４號,121.5853,25.0457,(02)27859893,羅氏家用新冠病毒抗原自我檢測套組,32,2022/05/13 17:52:32,實名制快篩下午三點開賣，無發放號碼牌（只有週日為晚上六點）
5901121930,小藥師健保藥局,臺北市南港區福德街３２０之１號,121.588,25.03948,(02)27867002,羅氏家用新冠病毒抗原自我檢測套組,2,2022/05/13 17:52:32,快篩販售時間，每天早上10點開始販售，售完為止
5901121958,心亮藥局,臺北市南港區玉成街６６之７號,121.5818,25.04692,(02)27881677,羅氏家用新冠病毒抗原自我檢測套組,6,2022/05/13 17:52:32,無
5901122062,躍獅忠孝藥局,臺北市南港區成福路１６號,121.586,25.04561,(02)27862829,羅氏家用新冠病毒抗原自我檢測套組,53,2022/05/13 17:52:32,下午3:30開始販售快篩，不發放號碼牌
5901122115,上丞藥師藥局,臺北市南港區成福路１０號１樓,121.5859,25.04574,(02)26535589,羅氏家用新冠病毒抗原自我檢測套組,29,2022/05/13 17:52:32,實名制快篩下午三點開賣，無發放號碼牌
5901150011,南風藥局,臺北市士林區美崙街１９號１樓,121.5233,25.09715,(02)28320375,羅氏家用新冠病毒抗原自我檢測套組,28,2022/05/13 17:52:32,快篩15:30現場排隊購買共七十份。每日保留8份，給華榮市場固定攤販（登記完為止）
5901150342,士林三安藥局,臺北市士林區大南路１１號,121.526,25.08898,(02)28812631,羅氏家用新冠病毒抗原自我檢測套組,9,2022/05/13 17:52:32,無
5901150548,田倉藥局,臺北市士林區士東路１２４號,121.5302,25.11219,(02)88662188,羅氏家用新冠病毒抗原自我檢測套組,53,2022/05/13 17:52:32,每日19:00（傍晚7點）開始販售.
5901152079,資生堂藥局,臺北市士林區承德路４段４０巷１７號１Ｆ,121.522,25.08107,(02)28857588,羅氏家用新冠病毒抗原自我檢測套組,78,2022/05/13 17:52:32,今日快篩已售完
5901152453,家赫藥局,臺北市士林區忠義街８０號１樓,121.5317,25.10614,(02)28346453,羅氏家用新冠病毒抗原自我檢測套組,54,2022/05/13 17:52:32,每日下午2:40開始發號碼牌販售實名制快篩
5901152471,得安藥局,臺北市士林區文林路１４０號,121.5267,25.08878,(02)28836336,羅氏家用新冠病毒抗原自我檢測套組,51,2022/05/13 17:52:32,星期一三五六日下午5:00  星期二 四下午5:00--6:30
5901152659,和樹藥局,臺北市士林區後港街４５巷１號１樓,121.5228,25.08444,(02)28821188,羅氏家用新冠病毒抗原自我檢測套組,78,2022/05/13 17:52:32,週日公休，周一早上9:30
5901152739,芳圓藥局,臺北市士林區社子街２６－１號,121.508,25.0875,(02)28168666,羅氏家用新冠病毒抗原自我檢測套組,44,2022/05/13 17:52:32,快篩販售時間1.3.5下午4點30分 ／2.4.6早上9點15分／配送不及，另行公告
5901152873,幸福藥局,臺北市士林區德行東路１０９巷８號,121.5284,25.10812,(02)28346650,羅氏家用新冠病毒抗原自我檢測套組,3,2022/05/13 17:52:32,Covid-19試劑販售時間:每日下午2點15分至下午5點販售（含星日（如果有貨））售完為止
5901152971,石川藥師藥局,臺北市士林區忠義街７０號,121.5314,25.10594,(02)28385850,羅氏家用新冠病毒抗原自我檢測套組,20,2022/05/13 17:52:32,5／13   下午03:00  開始販售， 本日為單號。
5901153058,誼安藥局,臺北市士林區通河街４２號,121.5215,25.08044,(02)28851899,羅氏家用新冠病毒抗原自我檢測套組,26,2022/05/13 17:52:32,12至14:30午休.周日公休.實名制快篩:周一至周五17:00周六10點開始販售
5901153263,健揚藥局,臺北市士林區延平北路５段２５１號,121.5097,25.08483,(02)28163698,羅氏家用新冠病毒抗原自我檢測套組,3,2022/05/13 17:52:32,每日下午13:30開始販售
5901153272,光榮藥局,臺北市士林區社中街１１８號,121.5103,25.0899,(02)28136060,羅氏家用新冠病毒抗原自我檢測套組,20,2022/05/13 17:52:32,實名制快篩販售時間~下午兩點半（14:30）開始販售~另外若當日還有剩隔日早上即可購買，謝謝大家~
5901153503,祥新藥局,臺北市士林區社子街６５號,121.5067,25.08751,(02)28110906,羅氏家用新冠病毒抗原自我檢測套組,60,2022/05/13 17:52:32,實名制快篩星期2、3、5、6早上十點開賣；週一、四晚上7點開賣，周日公休
5901153674,愛佳藥局,臺北市士林區承德路４段２２２之１號,121.5215,25.0885,(02)28811199,羅氏家用新冠病毒抗原自我檢測套組,83,2022/05/13 17:52:32,實名制快篩平日一~五下午5:00販售，假日（六、日）不販售
5901153941,士東藥局,臺北市士林區士東路９１巷３號,121.5291,25.11256,(02)28760588,羅氏家用新冠病毒抗原自我檢測套組,19,2022/05/13 17:52:32,快篩實名制，每天16:00開始販售，售完為止。
5901153996,文昌春天藥局,臺北市士林區文昌路４４號（１樓）,121.5216,25.09562,(02)28838539,羅氏家用新冠病毒抗原自我檢測套組,3,2022/05/13 17:52:32,無
5901154019,忠義台安藥局,臺北市士林區忠義街７２號１樓,121.5315,25.106,(02)28380685,羅氏家用新冠病毒抗原自我檢測套組,21,2022/05/13 17:52:32,下午2點開始販售快篩試劑
5901154028,向宇藥局,臺北市士林區德行東路２１７號１樓,121.5328,25.10935,(02)88661101,羅氏家用新冠病毒抗原自我檢測套組,1,2022/05/13 17:52:32,無
5901154082,德行盛康藥局,臺北市士林區德行東路２０６之１號１樓,121.532,25.1089,(02)28348756,羅氏家用新冠病毒抗原自我檢測套組,42,2022/05/13 17:52:32,無
5901154091,社正藥局,臺北市士林區社正路１２號１樓,121.5093,25.08854,(02)28118704,羅氏家用新冠病毒抗原自我檢測套組,78,2022/05/13 17:52:32,無
5901154135,誠泰中西藥局,臺北市士林區永平街１３號１樓,121.5051,25.08996,(02)88112352,羅氏家用新冠病毒抗原自我檢測套組,22,2022/05/13 17:52:32,每天早上10:00開始販售， 售完為止
5901160099,進春藥局,臺北市北投區明德路１５１號,121.5206,25.11086,(02)28216938,羅氏家用新冠病毒抗原自我檢測套組,24,2022/05/13 17:52:32,無休 上午九點開始販售，現場排隊。（依現場公告為主）
5901160142,德昇藥局,臺北市北投區裕民二路２０號,121.517,25.11604,(02)28217565,羅氏家用新冠病毒抗原自我檢測套組,15,2022/05/13 17:52:32,週一至週五下午 2:30分 實名制快篩現場排隊發售
5901160400,世全藥局,臺北市北投區知行路２７３號,121.4672,25.12134,(02)28585378,羅氏家用新冠病毒抗原自我檢測套組,61,2022/05/13 17:52:32,早0000-0100，午0000-0000晚17:30-2400
5901160517,弘安藥局,臺北市北投區懷德街３３號１樓,121.5193,25.11219,(02)28206390,羅氏家用新冠病毒抗原自我檢測套組,25,2022/05/13 17:52:32,快篩每日下午2:00開賣，現場購買售完為止
5901160544,黎明藥局,臺北市北投區尊賢街２５３－１號,121.5066,25.11817,(02)28223795,羅氏家用新冠病毒抗原自我檢測套組,1,2022/05/13 17:52:32,營業時間星期1-6早上900至1230 下午1600至2100每日 下午4點發快篩星期日其他時間休息
5901160562,名山藥局,臺北市北投區東陽街４７５號１樓,121.5199,25.11231,(02)28226101,羅氏家用新冠病毒抗原自我檢測套組,23,2022/05/13 17:52:32,快篩試劑早上08:30販賣，先拿號碼牌，早上10；00前過卡，逾時放棄
5901160802,美康藥局,臺北市北投區明德路９０號１樓,121.5196,25.1094,(02)28281176,羅氏家用新冠病毒抗原自我檢測套組,17,2022/05/13 17:52:32,營業時間:10:30~22:00；13:30開始販售快篩
5901161890,良興藥局,臺北市北投區中和街２８６號,121.5004,25.14047,(02)28933360,羅氏家用新冠病毒抗原自我檢測套組,61,2022/05/13 17:52:32,18點30分點開始營業
5901162119,祐鄰藥局,臺北市北投區尊賢街２５０號,121.5073,25.11707,(02)28281232,羅氏家用新冠病毒抗原自我檢測套組,25,2022/05/13 17:52:32,無
5901162477,長宜藥局,臺北市北投區自強街１１２號,121.5155,25.11074,(02)28216605,羅氏家用新冠病毒抗原自我檢測套組,27,2022/05/13 17:52:32,實名制快篩試劑發放時間:14:00~售完為止，會依政府配送狀況調整
5901163107,小豬藥局,臺北市北投區東陽街４０３號１樓,121.5176,25.11244,(02)28217099,羅氏家用新冠病毒抗原自我檢測套組,56,2022/05/13 17:52:32,星期六.星期日不販售
5901163269,佳祈健保藥局,臺北市北投區明德路１４４號,121.5208,25.11047,(02)28232535,羅氏家用新冠病毒抗原自我檢測套組,2,2022/05/13 17:52:32,無
5901163296,天禧大藥局,臺北市北投區實踐街３５號,121.5087,25.11521,(02)28213558,羅氏家用新冠病毒抗原自我檢測套組,14,2022/05/13 17:52:32,實名制快篩下午1:30現場販售
5901163376,北投春天藥局,臺北市北投區中央南路１段７６號,121.5011,25.13135,(02)28916668,羅氏家用新冠病毒抗原自我檢測套組,1,2022/05/13 17:52:32,每日14:40發號碼牌 15:00販售 依物流到貨時間滾動調整
5901163394,致遠春天藥局,臺北市北投區致遠一路１段１３２號１、２樓,121.5149,25.11051,(02)28253258,羅氏家用新冠病毒抗原自我檢測套組,33,2022/05/13 17:52:32,15:30開始發放號碼牌15:30開始販售口罩
5901163527,理得藥局,臺北市北投區石牌路１段１５０號,121.5131,25.11426,(02)28289680,羅氏家用新冠病毒抗原自我檢測套組,28,2022/05/13 17:52:32,每日13:30發放號碼牌 14:00開賣，售完為止。
5901163545,天康大藥局,臺北市北投區中央南路１段５７號,121.5014,25.13192,(02)28914265,羅氏家用新冠病毒抗原自我檢測套組,2,2022/05/13 17:52:32,實名制快篩下午1:30現場販售
5901163563,躍獅光明藥局,臺北市北投區光明路５１號、５３號（實際使用：１樓）,121.4998,25.13286,(02)28915993,羅氏家用新冠病毒抗原自我檢測套組,1,2022/05/13 17:52:32,*今日份快篩已售完*1.早上9:30發號碼牌2.等快篩到貨才開始賣3.有號碼牌者請在晚上8點前領取，逾期作廢
5901163616,江南育仁大藥局,臺北市北投區育仁路５５號１樓,121.4981,25.13361,(02)28981850,羅氏家用新冠病毒抗原自我檢測套組,11,2022/05/13 17:52:32,下午2點販售實名制快篩，假日視政府配發情況調整
5901163652,康賢藥局,臺北市北投區西安街１段３５９號１樓,121.5153,25.11429,(02)28219295,羅氏家用新冠病毒抗原自我檢測套組,14,2022/05/13 17:52:32,週一至週六下午1:00起販售快篩，週日及國定假日公休。
5901170022,良美藥局,臺北市信義區福德街２６８巷３７號,121.5854,25.04033,(02)27593659,羅氏家用新冠病毒抗原自我檢測套組,4,2022/05/13 17:52:32,無
5901170059,必欣藥局,臺北市信義區松仁路２６４號,121.5696,25.02425,(02)27225060,羅氏家用新冠病毒抗原自我檢測套組,32,2022/05/13 17:52:32,實名制快篩販售時間：星期一至星期六下午13：30開始
5901170139,福華藥局,臺北市信義區吳興街２８１巷３號１樓,121.5643,25.02656,(02)27208527,羅氏家用新冠病毒抗原自我檢測套組,12,2022/05/13 17:52:32,現階段下午1:30配合政府發售快篩試劑
5901170335,慧生藥局,臺北市信義區松山路３１０號,121.5777,25.04256,(02)27647138,羅氏家用新冠病毒抗原自我檢測套組,1,2022/05/13 17:52:32,快篩開賣時間:星期一 至 星期六 上午8:40起  週日沒有販售
5901170648,立信藥局,臺北市信義區松山路４０３號,121.578,25.04144,(02)27687754,羅氏家用新冠病毒抗原自我檢測套組,1,2022/05/13 17:52:32,快篩試劑販賣時間: 星期一至五 晚上七點至九點
5901172179,新和平藥局,臺北市信義區虎林街１９８號１樓,121.5769,25.03844,(02)23460951,羅氏家用新冠病毒抗原自我檢測套組,29,2022/05/13 17:52:32,每星期一至星期六早上10點起   發放實名制快篩試劑 .星期日休息
5901172213,華泰藥局,臺北市信義區虎林街８２巷５號,121.5769,25.04335,(02)27601992,羅氏家用新冠病毒抗原自我檢測套組,1,2022/05/13 17:52:32,快篩 ／ 早上 8:30  開始販售 . 售完為止 .
5901172240,德康大藥局,臺北市信義區松山路５４１巷２１號,121.579,25.03794,(02)27272502,羅氏家用新冠病毒抗原自我檢測套組,16,2022/05/13 17:52:32,下午三點開始販售
5901172704,鴻濟藥局,臺北市信義區永吉路３２６巷２號１樓,121.5754,25.04507,(02)27645331,羅氏家用新冠病毒抗原自我檢測套組,17,2022/05/13 17:52:32,快篩販售時間:周一至周五: 15:00開始。週六.周日:視實際到貨情形請見門口公告
5901172820,安心藥局,臺北市信義區永吉路３０巷１４８弄４之１號,121.5685,25.04266,(02)27474992,羅氏家用新冠病毒抗原自我檢測套組,9,2022/05/13 17:52:32,快篩代售時間14:00起現場排隊
5901172857,永吉藥局,臺北市信義區永吉路２１３號,121.5739,25.04572,(02)87874043,羅氏家用新冠病毒抗原自我檢測套組,39,2022/05/13 17:52:32,有關快篩，5／12 下午藥師上課，休息。5／13 早上九點開始..
5901172924,躍獅松仁藥局,臺北市信義區松仁路２３３號（實際營業地址：１樓）,121.5688,25.02617,(02)27238626,羅氏家用新冠病毒抗原自我檢測套組,19,2022/05/13 17:52:32,快篩販售時段:下午13:30開始售完至晚上19:00前
5901173283,上禾藥師藥局,臺北市信義區林口街２７號,121.5792,25.03741,(02)27592686,羅氏家用新冠病毒抗原自我檢測套組,9,2022/05/13 17:52:32,無
5901173587,新興健保藥局,臺北市信義區永吉路３０巷１１３號,121.5689,25.04324,(02)27494892,羅氏家用新冠病毒抗原自我檢測套組,10,2022/05/13 17:52:32,快篩試劑下午二點開始販售
5901173783,北一健康人生藥局,臺北市信義區吳興街２５５號,121.5637,25.02715,(02)27583945,羅氏家用新冠病毒抗原自我檢測套組,27,2022/05/13 17:52:32,下午3點開始販售實名制快篩
5901173818,博亞藥局,臺北市信義區莊敬路４６２號,121.5677,25.02672,(02)27580506,羅氏家用新冠病毒抗原自我檢測套組,39,2022/05/13 17:52:32,平日早上8:30、晚上8:00；假日早上8:30，發放號碼牌，持號碼牌購買!
5901173854,杏一後山埤藥局,臺北市信義區忠孝東路５段７７８號（實際營業地址：１樓）,121.5816,25.0434,(02)27274357,羅氏家用新冠病毒抗原自我檢測套組,20,2022/05/13 17:52:32,實名制快篩14:30開放排隊／14:55發放號碼牌
5901173925,杏一光復藥局,臺北市信義區光復南路４４９之１號,121.5578,25.03488,(02)87804626,羅氏家用新冠病毒抗原自我檢測套組,35,2022/05/13 17:52:32,快篩實名制視每日貨況下午三點開始販售
5901173934,躍獅光復藥局,臺北市信義區光復南路４１７之８號,121.5577,25.03682,(02)87862307,羅氏家用新冠病毒抗原自我檢測套組,25,2022/05/13 17:52:32,下午1點開始販售
5901173961,北一忠孝藥局,臺北市信義區忠孝東路５段５２４巷１弄１６號１樓,121.5802,25.04133,(02)23464588,羅氏家用新冠病毒抗原自我檢測套組,4,2022/05/13 17:52:32,實名制快篩一~六販早上10點販售，周日不販售
5901174002,吳興春天藥局,臺北市信義區吳興街１３７號１樓,121.5618,25.02947,(02)27585618,羅氏家用新冠病毒抗原自我檢測套組,25,2022/05/13 17:52:32,下午2:40發號碼牌
5901174039,日安藥局,臺北市信義區松仁路２４０巷１３號１樓,121.5691,25.02454,(02)27203775,羅氏家用新冠病毒抗原自我檢測套組,85,2022/05/13 17:52:32,周一到周六每日預計下午16:30開始販售，售完為止。
5901174057,詠晴中西藥局,臺北市信義區松山路４８４之４號（１樓含夾層）,121.5778,25.0389,(02)27266890,羅氏家用新冠病毒抗原自我檢測套組,89,2022/05/13 17:52:32,實名制快篩 - 16:30領號碼牌.當天取貨即可.避免群聚風險
5901174066,愛維喜藥局,臺北市信義區莊敬路２７８號１樓,121.5627,25.02882,(02)27586989,羅氏家用新冠病毒抗原自我檢測套組,80,2022/05/13 17:52:32,快篩周一至五15:30.周六8:30開賣.約30分前收健保卡現金500元1張.發號碼牌.視情況調整.
5901174075,信義盛康藥局,臺北市信義區永吉路２８６號（１樓）,121.5744,25.04538,(02)23460521,羅氏家用新冠病毒抗原自我檢測套組,25,2022/05/13 17:52:32,無
5901180055,日生大藥局,臺北市中正區汀州路１段５３號１樓,121.5076,25.03026,(02)23031393,羅氏家用新冠病毒抗原自我檢測套組,26,2022/05/13 17:52:32,快篩試劑代售服務時間:（1）5月13日周五 下午14點起開賣 售完為止
5901180304,祥全藥局,臺北市中正區信義路２段７９巷１５－８號１Ｆ,121.527,25.03545,(02)23939339,羅氏家用新冠病毒抗原自我檢測套組,3,2022/05/13 17:52:32,星期一至六下午3點開始賣快篩試劑
5901182068,永興藥局,臺北市中正區汀州路１段９２巷２８號,121.5068,25.02999,(02)23050986,羅氏家用新冠病毒抗原自我檢測套組,9,2022/05/13 17:52:32,無
5901183387,丞良藥局,臺北市中正區南昌路１段７８號地下１樓,121.5173,25.03099,(02)33938868,羅氏家用新冠病毒抗原自我檢測套組,39,2022/05/13 17:52:32,週一~週五 晚上9:00~9:30現場領取，若排隊人潮過多會提早開賣
5901183645,大愛生活藥局,臺北市中正區汀州路２段２３２號,121.5243,25.02189,(02)23661155,羅氏家用新冠病毒抗原自我檢測套組,69,2022/05/13 17:52:32,下午14:30開始發放快篩（不發號碼牌直接買）~~不要太早開始排隊啊啊啊啊
5901183798,佳和藥局,臺北市中正區黎明里公園路３０號,121.5169,25.04448,(02)23117102,羅氏家用新冠病毒抗原自我檢測套組,1,2022/05/13 17:52:32,無
5901184179,保德中華藥局,臺北市中正區中華路２段１５９號,121.5042,25.03101,(02)23027720,羅氏家用新冠病毒抗原自我檢測套組,51,2022/05/13 17:52:32,快篩下午三點開始發號碼牌及販售，限當日購買
5901184222,豐仁藥局,臺北市中正區寧波西街１６１號,121.5109,25.02736,(02)23033908,羅氏家用新冠病毒抗原自我檢測套組,14,2022/05/13 17:52:32,實名制快篩販售: 周一至周六 12:30-13:30 週日:17:30-19:00
5901184491,躍獅南門藥局,臺北市中正區中華路２段３９巷１０號,121.5074,25.03484,(02)23141111,羅氏家用新冠病毒抗原自我檢測套組,8,2022/05/13 17:52:32,口罩販售時段：成人早上9點及晚上7點各200個
5901184553,珍忻藥局,臺北市中正區南昌路１段６５號,121.5174,25.03107,(02)23965115,羅氏家用新冠病毒抗原自我檢測套組,30,2022/05/13 17:52:32,健保快篩發放:13:20及18:20分兩梯次發號碼牌
5901184642,康呈安藥局,臺北市中正區汀州路２段１８７號１樓,121.522,25.02403,(02)23672215,羅氏家用新冠病毒抗原自我檢測套組,4,2022/05/13 17:52:32,每天下午3點才發放快篩
5901184679,汀州藥局,臺北市中正區汀州路１段１８７、１８９、１９１號（１樓）,121.5112,25.02704,(02)23090705,羅氏家用新冠病毒抗原自我檢測套組,87,2022/05/13 17:52:32,快篩實名制，每天16:00開始販售，售完為止。
5901190079,建和藥局,臺北市萬華區青年路１６８巷４４號,121.5016,25.01987,(02)23010838,羅氏家用新冠病毒抗原自我檢測套組,10,2022/05/13 17:52:32,春節期間看診時段請電洽
5901190426,皇祥藥局,臺北市萬華區萬青街１６５號１樓,121.5016,25.02279,(02)23375676,羅氏家用新冠病毒抗原自我檢測套組,1,2022/05/13 17:52:32,有貨時每天下午2點販售 五份醫護人員
5901190668,聯慶大藥局,臺北市萬華區萬大路３０６號１樓,121.5003,25.02495,(02)23039850,羅氏家用新冠病毒抗原自我檢測套組,43,2022/05/13 17:52:32,無
5901192180,康之友藥局,臺北市萬華區青年路２０號,121.5055,25.02592,(02)23011598,羅氏家用新冠病毒抗原自我檢測套組,28,2022/05/13 17:52:32,下午兩點發號碼牌
5901192546,躍獅西園藥局,臺北市萬華區西園路２段２６０號,121.4946,25.02784,(02)23094063,羅氏家用新冠病毒抗原自我檢測套組,4,2022/05/13 17:52:32,快篩販售時段：下午2點至售完為止（政府正常配貨的情況下，現場排隊）
5901192975,萬華藥局,臺北市萬華區萬大路２４８號實際營業地址１樓、２樓,121.5003,25.02626,(02)23012221,羅氏家用新冠病毒抗原自我檢測套組,54,2022/05/13 17:52:32,快篩實名制，每天16:00開始販售，售完為止。
5901193070,榮勝藥局,臺北市萬華區萬大路２３３號,121.5006,25.02649,(02)23331121,羅氏家用新冠病毒抗原自我檢測套組,21,2022/05/13 17:52:32,每日快篩早上十一點開始販售
5901193132,松本藥局,臺北市萬華區西昌街２３３號,121.5007,25.03723,(02)23029559,羅氏家用新冠病毒抗原自我檢測套組,10,2022/05/13 17:52:32,無
5901193169,柏祥藥局,臺北市萬華區西藏路１４１號,121.5017,25.02944,(02)23018272,羅氏家用新冠病毒抗原自我檢測套組,69,2022/05/13 17:52:32,1快篩服務時間晚上6:00起售完截止。2販售詳情請見門口公告。3周日公休不販售。
5901193221,正盛藥局,臺北市萬華區中華路２段４３４－１號,121.5064,25.02708,(02)23050386,羅氏家用新冠病毒抗原自我檢測套組,81,2022/05/13 17:52:32,【5／9自費快篩+血氧機到貨!!】1.一~六20點，周日不賣 2.排隊人潮多，建議7點左右提前候位 3.詳情看公告或板橋正康臉書
5901193310,和德藥局,臺北市萬華區西園路２段２９２號１樓,121.4935,25.02698,(02)23331522,羅氏家用新冠病毒抗原自我檢測套組,15,2022/05/13 17:52:32,快篩實名制，每天16:00開始販售，售完為止。
5901193338,艾米力藥師藥局,臺北市萬華區西藏路１０７－２號１樓,121.5035,25.02955,(02)23036583,羅氏家用新冠病毒抗原自我檢測套組,82,2022/05/13 17:52:32,實名制快篩：周一~周五【晚上】7:00販售；周末（六日）早上9:00販售
5901200114,健群藥局,臺北市文山區景興路４１號,121.5448,24.99717,(02)29328898,羅氏家用新冠病毒抗原自我檢測套組,4,2022/05/13 17:52:32,無
5901200490,永明大藥局,臺北市文山區興隆路１段２９７號１樓,121.5449,24.99875,(02)29314428,羅氏家用新冠病毒抗原自我檢測套組,15,2022/05/13 17:52:32,下午2點50發放號碼牌3點販售，4點前未領取視同放棄，限1人1號碼牌1份，周日未販售。
5901202047,華君藥局,臺北市文山區興隆路２段６０號,121.5478,24.99955,(02)29319510,羅氏家用新冠病毒抗原自我檢測套組,2,2022/05/13 17:52:32,每天12:00開始販售快篩
5901202645,永源大藥局,臺北市文山區興隆路３段３０２號,121.5588,24.99312,(02)22396166,羅氏家用新冠病毒抗原自我檢測套組,1,2022/05/13 17:52:32,無
5901202841,欣安景美藥局,臺北市文山區景文街７７號,121.5414,24.99126,(02)29316008,羅氏家用新冠病毒抗原自我檢測套組,11,2022/05/13 17:52:32,今日快篩劑PM:14:00販賣售完為止
5901203062,大樹文山藥局,臺北市文山區興隆路３段１３號（１、２、３樓）,121.555,25.00088,(02)29342226,羅氏家用新冠病毒抗原自我檢測套組,9,2022/05/13 17:52:32,快篩實名制，每天16:00開始販售，售完為止。
5901203106,光明大藥局,臺北市文山區忠順街１段６６號,121.5607,24.98426,(02)29390275,羅氏家用新冠病毒抗原自我檢測套組,14,2022/05/13 17:52:32,無
5901203419,康宜庭興隆藥局,臺北市文山區興隆路３段２００號１樓,121.559,24.99779,(02)22304866,羅氏家用新冠病毒抗原自我檢測套組,2,2022/05/13 17:52:32,無
5901203464,大愛幸福藥局,臺北市文山區木新路２段２２１號１樓,121.5675,24.98344,(02)29379977,羅氏家用新冠病毒抗原自我檢測套組,3,2022/05/13 17:52:32,無
5901203482,健康家藥局,臺北市文山區興隆路２段１３３號１樓,121.5481,25.00011,(02)29330858,羅氏家用新冠病毒抗原自我檢測套組,30,2022/05/13 17:52:32,實名制快篩下午一點開始販售，5／14~15店休
5902050350,日星藥局,高雄市三民區寶龍里惠德街３８號,120.3241,22.64741,(07)3845188,羅氏家用新冠病毒抗原自我檢測套組,2,2022/05/13 17:52:32,快篩口罩時間:星期一至五16:00-21:00；星期六09:00-11:30，售完為止
5902050903,皇安藥局,高雄市三民區九如一路４６１號,120.3296,22.63865,(07)3866779,羅氏家用新冠病毒抗原自我檢測套組,4,2022/05/13 17:52:32,營業日0900可先領取號碼牌，上午9:00-12:00及下午3:00~10:.00為販賣快篩時間，售完為止
5903030085,廣元藥局,臺中市大甲區順天路１４６號１樓,120.6224,24.34495,(04)26872843,羅氏家用新冠病毒抗原自我檢測套組,24,2022/05/13 17:52:32,下午5點30分開始販賣名制快篩試劑
5903150180,九德藥局,臺中市烏日區中山路一段４３８、４４０號１樓,120.6365,24.10748,(04)23385456,羅氏家用新冠病毒抗原自我檢測套組,1,2022/05/13 17:52:32,快篩實名制，每天16:00開始販售，售完為止。
5903170146,向陽藥師連鎖藥局,臺中市龍井區中央路三段３７號１樓,120.5248,24.21176,(04)26390500,羅氏家用新冠病毒抗原自我檢測套組,72,2022/05/13 17:52:32,實名制快篩當天陽性需求領完才開賣，營業時間:0930~2130慢箋領藥.長照特約.更年期.糖尿病.孕期保健.小兒營養
5903190362,太平中山藥局,臺中市太平區中山路４段１１號,120.7139,24.14931,(04)23959200,羅氏家用新冠病毒抗原自我檢測套組,17,2022/05/13 17:52:32,快篩實名制，每天16:00開始販售，售完為止。
5903200676,立人藥局,臺中市大里區益民路二段１９號１樓,120.6888,24.1063,(04)24831722,羅氏家用新冠病毒抗原自我檢測套組,25,2022/05/13 17:52:32,每天下午5:30開始販售實名制快篩
5903220141,雙十小林健保藥局,臺中市中區雙十路一段３５號,120.6855,24.14172,(04)22253662,羅氏家用新冠病毒抗原自我檢測套組,32,2022/05/13 17:52:32,每日8點販賣
5903220150,老順安大藥局,臺中市中區中華路二段６３號、６５號１樓,120.6794,24.14801,(04)22016306,羅氏家用新冠病毒抗原自我檢測套組,73,2022/05/13 17:52:32,5／11暫停販售        實名制快篩銷售時間:周一至周六下午兩點至三點
5903220169,公園大藥局,臺中市中區公園路９５號１樓,120.6796,24.1462,(04)22062682,羅氏家用新冠病毒抗原自我檢測套組,11,2022/05/13 17:52:32,每日上午8點至下午11點59分
5903220178,佑全台中中華藥局,臺中市中區中華路一段１６２號１樓,120.6779,24.14605,(04)22291556,羅氏家用新冠病毒抗原自我檢測套組,8,2022/05/13 17:52:32,下午01:40開始發放號碼牌!! 售完為止!! 一人一卡一盒
5903220196,日安藥局,臺中市中區臺灣大道一段３３０號１樓,120.6801,24.1422,(04)22234246,羅氏家用新冠病毒抗原自我檢測套組,24,2022/05/13 17:52:32,週一至週六 下午2:30開始販售快篩   週日 早上9:30開始販售
5903230192,康是美藥局東英店,臺中市東區十甲路４５０號１樓,120.7097,24.14406,(04)22139034,羅氏家用新冠病毒抗原自我檢測套組,11,2022/05/13 17:52:32,無
5903230209,東京藥師藥局,臺中市東區復興路五段１４９號１樓,120.6893,24.14543,(04)22132278,羅氏家用新冠病毒抗原自我檢測套組,25,2022/05/13 17:52:32,無
5903230218,十甲東亞藥師大藥局,臺中市東區十甲路４１０號１樓,120.7081,24.14425,(04)22118879,羅氏家用新冠病毒抗原自我檢測套組,3,2022/05/13 17:52:32,實名快篩 星期一至六 每日下午一點至五點販售 售完為止
5903230227,東區小林健保藥局,臺中市東區十甲路４８５號１樓,120.7104,24.14464,(04)22135148,羅氏家用新冠病毒抗原自我檢測套組,8,2022/05/13 17:52:32,無
5903240143,利民藥局,臺中市西區四維街２３號１樓,120.6758,24.13714,(04)22292931,羅氏家用新冠病毒抗原自我檢測套組,28,2022/05/13 17:52:32,平日營業時間10-20，周六10-15，周日休。實名制快篩下午2點半現場排隊販售至售完或營業結束。
5903240170,美村全成藥局,臺中市西區美村路１段２２２號１樓,120.6615,24.14875,(04)23014006,羅氏家用新冠病毒抗原自我檢測套組,18,2022/05/13 17:52:32,5／13 快篩下午一點開始販售
5903240278,美術藥局,臺中市西區美村路一段５６７號,120.6618,24.14442,(04)23725286,羅氏家用新冠病毒抗原自我檢測套組,9,2022/05/13 17:52:32,5／7起下午2:30開始販售快篩，售完為止。（星期日公休）
5903240410,德芳美村藥局,臺中市西區美村路一段６８１、６８３號１樓,120.6618,24.13545,(04)23782848,羅氏家用新冠病毒抗原自我檢測套組,21,2022/05/13 17:52:32,周一至週五下午3點~6點
5903240447,大樹五權藥局,臺中市西區五權路９７－１號１樓,120.6717,24.14626,(04)22022910,羅氏家用新冠病毒抗原自我檢測套組,17,2022/05/13 17:52:32,快篩實名制，每天16:00開始販售，售完為止。
5903240456,杏一台中美村藥局,臺中市西區美村路一段２４２、２４６號１樓,120.6615,24.14825,(04)23013310,羅氏家用新冠病毒抗原自我檢測套組,12,2022/05/13 17:52:32,快篩販售時間11:00~13:00（或售完為止），5／12起改為12:00販售，週日不販售／有庫存即可以來買，不要再打電話確認
5903240474,佑全台中向上藥局,臺中市西區向上路一段３８６、３８８號１樓,120.6559,24.14688,(04)23204732,羅氏家用新冠病毒抗原自我檢測套組,28,2022/05/13 17:52:32,因政府配貨時間不一，依照門市現場公告時間為主
5903240483,名華藥局,臺中市西區中華路一段７號１樓,120.6732,24.14209,(04)22231187,羅氏家用新冠病毒抗原自我檢測套組,27,2022/05/13 17:52:32,實名制快篩，5／13 PM3:00開售
5903240492,好好誠美藥局,臺中市西區向上北路１８６號１樓,120.6611,24.14797,(04)23022838,羅氏家用新冠病毒抗原自我檢測套組,21,2022/05/13 17:52:32,快篩販售時間下午兩點
5903250505,心安藥局,臺中市南區國光路２４１號１樓,120.6794,24.12676,(04)22858773,羅氏家用新冠病毒抗原自我檢測套組,16,2022/05/13 17:52:32,每天下午三點排隊開賣，一人一卡，週日公休. 已售完!
5903250612,杏一南區台中藥局,臺中市南區台中路６６、６８號１樓,120.683,24.1339,(04)22220652,羅氏家用新冠病毒抗原自我檢測套組,8,2022/05/13 17:52:32,每日下午4點開始販售實名制快篩，售完為止。一人一卡一盒
5903250658,田園藥局,臺中市南區學府路１６０號１樓,120.6742,24.12909,(04)22220605,羅氏家用新冠病毒抗原自我檢測套組,3,2022/05/13 17:52:32,每週三公休。每天14:30 開始販售，一人限一卡，依到貨數量販售
5903260163,康甫藥師藥局,臺中市北區進化北路３６６號１樓,120.6806,24.16333,(04)22366682,羅氏家用新冠病毒抗原自我檢測套組,9,2022/05/13 17:52:32,有關口罩販售：周一至周六早上9:30發號碼牌，下午3:00過後發售口罩。周日休息。
5903260341,台中漢口藥局,臺中市北區漢口路３段１８３號,120.6711,24.16703,(04)22936166,羅氏家用新冠病毒抗原自我檢測套組,6,2022/05/13 17:52:32,實名制快篩販售時間每天下午2點~售完為止
5903260449,喜樂藥局,臺中市北區中清路１段３１號,120.677,24.1529,(04)22060423,羅氏家用新冠病毒抗原自我檢測套組,17,2022/05/13 17:52:32,快篩實名制，每日早上9:30開始販售，售完為止。
5903260476,康媞藥局,臺中市北區北平路二段１２８號１樓,120.6774,24.17124,(04)22925388,羅氏家用新冠病毒抗原自我檢測套組,30,2022/05/13 17:52:32,無
5903260501,瑞鋒藥師藥局,臺中市北區育德路１６號,120.6795,24.15763,(04)22020786,羅氏家用新冠病毒抗原自我檢測套組,9,2022/05/13 17:52:32,快篩 14:30開始
5903260618,中清小林健保藥局,臺中市北區中清路一段８６、８８號１樓,120.6767,24.15622,(04)22034197,羅氏家用新冠病毒抗原自我檢測套組,43,2022/05/13 17:52:32,24小時營業無公休，早上八點發號碼牌，十二點以後過健保卡發放口罩.
5903260654,康新藥局,臺中市北區五權路２３２號,120.677,24.15078,(04)22020008,羅氏家用新冠病毒抗原自我檢測套組,31,2022/05/13 17:52:32,無
5903260663,佑全台中五權藥局,臺中市北區五權路４９６號,120.6833,24.15329,(04)22080702,羅氏家用新冠病毒抗原自我檢測套組,4,2022/05/13 17:52:32,因政府配貨時間不一，依照門市現場公告時間為主
5903260707,新藥林藥局,臺中市北區健行路４４５－５號１樓,120.6803,24.15896,(04)22053458,羅氏家用新冠病毒抗原自我檢測套組,49,2022/05/13 17:52:32,.快篩:星期一~星期五 下午3點開始，星期六下午一點，星期三.日公休，現場排隊
5903260743,黎明安德藥局,臺中市北區中清路１段８５２號１樓,120.6718,24.17295,(04)22956098,羅氏家用新冠病毒抗原自我檢測套組,49,2022/05/13 17:52:32,週四公休、週日下午2點開始營業，一到六下午3點開始販賣快篩，禮拜日下午5點開始販賣快篩，現場排隊。
5903260798,光恒藥局,臺中市北區五權路２６１號１樓,120.6767,24.15097,(04)22068638,羅氏家用新冠病毒抗原自我檢測套組,11,2022/05/13 17:52:32,無
5903260958,健康達人藥局,臺中市北區北平路２段５６號１樓,120.6735,24.17153,(04)22994866,羅氏家用新冠病毒抗原自我檢測套組,36,2022/05/13 17:52:32,快篩實名制，每天中午2:00開始販售，售完為止。
5903260985,森川健保藥局,臺中市北區五權路２５１號１樓,120.6764,24.15074,(09)78157008,羅氏家用新冠病毒抗原自我檢測套組,16,2022/05/13 17:52:32,快篩試劑到貨，即刻開賣，不必拿號碼牌，不必排隊，售完為止（因不拿號碼牌，所以APP上面的庫存數是準的）
5903261008,台中大樹藥局,臺中市北區漢口路三段２６１號,120.6726,24.16703,(04)22981113,羅氏家用新冠病毒抗原自我檢測套組,10,2022/05/13 17:52:32,快篩實名制，每天16:00開始販售，售完為止。
5903270061,青育藥師藥局,臺中市西屯區河南路２段３６２號１樓,120.6469,24.17368,(04)27068798,羅氏家用新冠病毒抗原自我檢測套組,42,2022/05/13 17:52:32,郵差送達後，開始販售實名制快篩（可參考快篩地圖）
5903270721,舒健藥局,臺中市西屯區西屯路二段２５５號２樓,120.6459,24.17179,(04)27077858,羅氏家用新冠病毒抗原自我檢測套組,74,2022/05/13 17:52:32,公費快篩試劑於周一至周六晚上7點現場排隊購買，週日公休。
5903270865,尚禾藥局,臺中市西屯區青海路一段６５號,120.6548,24.16438,(04)23147688,羅氏家用新冠病毒抗原自我檢測套組,39,2022/05/13 17:52:32,實名制快篩發放：時段一中午12:30~14:00。時段二20：30~22：30。時段一若未發完，餘量將遞延至時段二發放。周日停售。
5903270874,熊健康藥局,臺中市西屯區太原路一段２３２號,120.6632,24.16394,(04)23163505,羅氏家用新冠病毒抗原自我檢測套組,14,2022/05/13 17:52:32,快篩實名制14:30開始販售，售完為止。 星期日公休。
5903270909,元生藥局,臺中市西屯區大墩路９６０號,120.6516,24.15817,(04)23274539,羅氏家用新冠病毒抗原自我檢測套組,19,2022/05/13 17:52:32,快篩販售時段下午4點起
5903271148,重慶美得康藥局,臺中市西屯區重慶路１３９號１樓,120.6563,24.16628,(04)23111789,羅氏家用新冠病毒抗原自我檢測套組,19,2022/05/13 17:52:32,快篩下午3點開始販售（依物流時間調整）
5903271193,何安藥局,臺中市西屯區西屯路二段１０１號Ｂ棟１樓,120.6531,24.16616,(04)23161110,羅氏家用新冠病毒抗原自我檢測套組,43,2022/05/13 17:52:32,快篩實名制，每天16:00開始販售，售完為止。
5903271200,甘肅台安藥局,臺中市西屯區甘肅路一段１號１樓,120.6602,24.16453,(04)23160761,羅氏家用新冠病毒抗原自我檢測套組,27,2022/05/13 17:52:32,下午5點開始販售快篩
5903271246,柏醫藥局,臺中市西屯區上安路５６號１樓,120.6412,24.17052,(04)24526391,羅氏家用新冠病毒抗原自我檢測套組,78,2022/05/13 17:52:32,因應到貨時間不定，統一晚上7點開放78組（5／13已到貨 12:30）
5903271264,櫻嘉藥局,臺中市西屯區櫻花路１０７號１樓,120.651,24.17065,(04)23150255,羅氏家用新冠病毒抗原自我檢測套組,2,2022/05/13 17:52:32,快篩每日下午3點購買（依配送滾動式調整）
5903280165,南屯福倫藥局,臺中市南屯區南屯路２段３１７號,120.6456,24.13754,(04)24758018,羅氏家用新冠病毒抗原自我檢測套組,78,2022/05/13 17:52:32,實名制快篩: 晚上6:00開始販售.售完為止
5903280325,亞洲連鎖大藥局,臺中市南屯區黎明路２段１３３、１３５號,120.6336,24.15977,(04)23812886,羅氏家用新冠病毒抗原自我檢測套組,26,2022/05/13 17:52:32,從 5月11日（星期三）開始， 改下午五點開始販售快篩， 售完為止!
5903280521,百康健保藥局,臺中市南屯區黎明路二段３６３號,120.6353,24.15033,(04)22547776,羅氏家用新冠病毒抗原自我檢測套組,6,2022/05/13 17:52:32,營業每日上午8:30到晚上22:30!實名制快篩早上十點開賣，售完為止
5903280601,方昇藥局,臺中市南屯區大墩路８１３號１樓,120.6495,24.15515,(04)23288818,羅氏家用新冠病毒抗原自我檢測套組,64,2022/05/13 17:52:32,星期一至星期五下午6點開始販售實名制快篩試劑，星期六12點，星期日休息
5903280647,澄光人文藥局,臺中市南屯區干城街３０５號,120.6345,24.1526,(04)22530303,羅氏家用新冠病毒抗原自我檢測套組,24,2022/05/13 17:52:32,5／13（五）下午5點販售，現場排隊
5903280656,熊大心藥局,臺中市南屯區河南路四段３７６號,120.6369,24.15208,(04)22516252,羅氏家用新冠病毒抗原自我檢測套組,31,2022/05/13 17:52:32,12:00-15:00休息勿電詢。周一至周六，15:00開始售實名制快篩
5903280745,亨宇藥局,臺中市南屯區東興路二段２９－２號１樓,120.6529,24.13688,(04)24711206,羅氏家用新冠病毒抗原自我檢測套組,48,2022/05/13 17:52:32,無
5903280763,全順藥局,臺中市南屯區永春東路３３９號１樓,120.6477,24.13447,(04)24730983,羅氏家用新冠病毒抗原自我檢測套組,80,2022/05/13 17:52:32,實名制快篩 販賣時間平日下午5點，星期6中午12點，現場排隊購買
5903280816,大育藥局,臺中市南屯區東興路二段７１號１樓,120.6528,24.13835,(04)24755656,羅氏家用新冠病毒抗原自我檢測套組,70,2022/05/13 17:52:32,每日固定晚上6點開賣 現場發放號碼牌
5903290063,承恩藥局,臺中市北屯區北屯路４４１－１號１樓,120.7008,24.17977,(04)22467857,羅氏家用新冠病毒抗原自我檢測套組,49,2022/05/13 17:52:32,實名制快篩販售時間為下午4點開始（12:00-15:00中午休息）；星期六休息
5903290385,元復藥局,臺中市北屯區東山路１段２２５－７號,120.7155,24.17475,(04)24362075,羅氏家用新冠病毒抗原自我檢測套組,9,2022/05/13 17:52:32,上午7:20-7:40及8:30起發號碼牌。
5903290394,億銓藥局,臺中市北屯區北屯路２１０－１號,120.6961,24.16756,(04)22313670,羅氏家用新冠病毒抗原自我檢測套組,10,2022/05/13 17:52:32,快篩實名制週一~週五下午1：00開賣、週六上午11：00開賣，週日公休。
5903290607,敦化小林健保藥局,臺中市北屯區敦化路１段６６８號,120.6643,24.18593,(04)24261881,羅氏家用新冠病毒抗原自我檢測套組,31,2022/05/13 17:52:32,每日早上8:00領號碼牌，16:30再回藥局領口罩（全年無休）
5903290778,博宇藥局,臺中市北屯區北屯路３８５之１號,120.6979,24.17193,(04)22341479,羅氏家用新冠病毒抗原自我檢測套組,28,2022/05/13 17:52:32,快篩試劑10:00現場販售、售完為止。
5903290876,北屯軍功藥局,臺中市北屯區軍功路一段７５２號,120.7193,24.17513,(04)24375111,羅氏家用新冠病毒抗原自我檢測套組,6,2022/05/13 17:52:32,快篩實名制，每天16:00開始販售，售完為止。
5903290894,豐禾藥局,臺中市北屯區同榮路１６３號,120.6618,24.19589,(04)24260588,羅氏家用新冠病毒抗原自我檢測套組,29,2022/05/13 17:52:32,快篩試劑於每日下午5點販售，星期日停售
5903290901,帥帥藥局,臺中市北屯區東山路一段３００－２號,120.7204,24.1759,(04)24378188,羅氏家用新冠病毒抗原自我檢測套組,46,2022/05/13 17:52:32,星期一二晚上18:30-20:30，星期三至五下午15:00-17:00販賣快篩試劑，售完為止。六.日無販售。
5903290929,微笑藥局,臺中市北屯區昌平路一段３１８號１樓,120.6907,24.17344,(04)22432699,羅氏家用新冠病毒抗原自我檢測套組,8,2022/05/13 17:52:32,【快篩試劑】下午2:30起~現場排隊~
5903290965,崇德藥局,臺中市北屯區崇德路二段３１號,120.685,24.16962,(04)22361331,羅氏家用新冠病毒抗原自我檢測套組,13,2022/05/13 17:52:32,快篩實名制，每天16:00開始販售，售完為止。
5903290974,興安永佳藥局,臺中市北屯區興安路一段３３３號１樓,120.6944,24.17431,(04)22437876,羅氏家用新冠病毒抗原自我檢測套組,23,2022/05/13 17:52:32,每天下午13:30開始販售快篩，售完為止
5903290983,祥和藥局,臺中市北屯區太原路三段１４７號１樓,120.6901,24.16507,(04)22369603,羅氏家用新冠病毒抗原自我檢測套組,1,2022/05/13 17:52:32,快篩販售：下午2點開始
5903291006,五和健保藥局,臺中市北屯區崇德路二段４６０號１樓,120.6863,24.18001,(04)22415533,羅氏家用新冠病毒抗原自我檢測套組,6,2022/05/13 17:52:32,週六公休 。周一至周五 14:30 發號碼牌 14:40販售； 週日 8:30發號碼牌 隨後販售
5903291042,全成北屯藥局,臺中市北屯區北屯路４３９－１１號１樓,120.7004,24.17913,(04)22463518,羅氏家用新冠病毒抗原自我檢測套組,2,2022/05/13 17:52:32,快篩每日下午3:00開始販售
5903291131,兩隻老虎藥局,臺中市北屯區崇德路２段１２號１樓,120.6855,24.16869,(04)22364635,羅氏家用新冠病毒抗原自我檢測套組,15,2022/05/13 17:52:32,營業時間早上九點到晚上九點半（快篩下午兩點開賣）
5903291168,日初藥局,臺中市北屯區軍功路一段４８２－３號１樓,120.7188,24.17102,(04)24363150,羅氏家用新冠病毒抗原自我檢測套組,16,2022/05/13 17:52:32,無
5903291177,大連何藥局,臺中市北屯區山西路二段２７４號１樓,120.677,24.177,(04)22930895,羅氏家用新冠病毒抗原自我檢測套組,14,2022/05/13 17:52:32,因應配送時間不一，販賣時間改為下午四點。
5903291195,匯百鴻藥局,臺中市北屯區昌平東二路１５６號１樓,120.6877,24.18922,(04)24222288,羅氏家用新冠病毒抗原自我檢測套組,14,2022/05/13 17:52:32,無
5903291202,好心情藥局,臺中市北屯區昌平路一段１７之３號,120.6941,24.16607,(04)22335663,羅氏家用新冠病毒抗原自我檢測套組,30,2022/05/13 17:52:32,快篩販售時間 14:30 ~售完為止 ， 12:30~13:30 請勿來電，謝謝配合
5903291211,愛樂芬兒童藥局,臺中市北屯區松竹路一段９２９號１樓,120.7131,24.18216,(04)24363660,羅氏家用新冠病毒抗原自我檢測套組,1,2022/05/13 17:52:32,因配送時間不固定，預定下午三點開始販售
5903291257,新一代何藥局,臺中市北屯區環中東路二段２６６、２６８號１樓,120.7207,24.17576,(04)24364366,羅氏家用新冠病毒抗原自我檢測套組,2,2022/05/13 17:52:32,因應配送時間不一 ，販賣時間改為下午四點
5905280109,大樹青青藥局,臺南市歸仁區中山路三段１２號,120.2875,22.96765,(06)2300301,羅氏家用新冠病毒抗原自我檢測套組,78,2022/05/13 17:52:32,快篩實名制，每天16:00開始販售，售完為止。
5905320706,悅橙藥局,臺南市東區崇明路４５９號１樓,120.2247,22.97311,(06)2605168,羅氏家用新冠病毒抗原自我檢測套組,1,2022/05/13 17:52:32,快篩每日實際販售時間為下午3點整
5905320975,萬錠藥局,臺南市東區崇成里崇德路６１９號１樓,120.2277,22.97181,(06)2679299,羅氏家用新冠病毒抗原自我檢測套組,42,2022/05/13 17:52:32,實名制快篩販售時段：第一梯次下午14：00、第二梯次晚上19：00（皆提前15分鐘發放牌子，當日配貨數量售完為止。）
5905330408,康而富藥局,臺南市南區鹽埕里金華路一段３７５號１樓,120.1903,22.96965,(06)2639373,羅氏家用新冠病毒抗原自我檢測套組,62,2022/05/13 17:52:32,星期一到五晚上6:00販售.（依排隊人潮調整販售）星期六（以物流為主）.星期日停止販售
5905380426,好朋友藥師藥局,臺南市安平區建平七街６８３號１樓,120.1692,22.98999,(06)2997907,羅氏家用新冠病毒抗原自我檢測套組,78,2022/05/13 17:52:32,晚上7點販售，請提早來排隊，藥局將視作業狀況提前販售
5907160093,保生藥局,高雄市湖內區葉厝里保生路３４０．３４２號,120.2195,22.90733,(07)6990800,羅氏家用新冠病毒抗原自我檢測套組,1,2022/05/13 17:52:32,快篩實名制，每天16:00開始販售，售完為止。
5907290158,美館久億藥局,高雄市鼓山區美術東二路２４５、２４７號,120.2883,22.66526,(07)5227762,羅氏家用新冠病毒抗原自我檢測套組,1,2022/05/13 17:52:32,星期一至星期天快篩發放，以物流實際到貨時間開始發放，請持續注意快篩地圖
5907290354,文昇藥局,高雄市鼓山區慶豐街１２５號,120.2942,22.66724,(07)5525314,羅氏家用新冠病毒抗原自我檢測套組,1,2022/05/13 17:52:32,14:00開始販售
5907300177,人尚大藥局,高雄市左營區榮總路１０９號１樓,120.3217,22.67927,(07)3100000,羅氏家用新冠病毒抗原自我檢測套組,1,2022/05/13 17:52:32,星期一到星期六 早上7:40開始銷售，星期日早上8:40，售完為止
5907300239,左野藥局,高雄市左營區崇德路２２２號,120.3052,22.675,(07)3486883,羅氏家用新冠病毒抗原自我檢測套組,1,2022/05/13 17:52:32,每日9時開始營業．實名制快篩販售時間15:00，售完為止! 14:50發號碼牌
5907300631,大樹孟子藥局,高雄市左營區孟子路２２６、２２８號,120.3112,22.67415,(07)3461772,羅氏家用新冠病毒抗原自我檢測套組,2,2022/05/13 17:52:32,快篩實名制，每天16:00開始販售，售完為止。
5907300686,左營自由藥局,高雄市左營區自由二路３５０、３５０－１號,120.3091,22.66599,(07)5589991,羅氏家用新冠病毒抗原自我檢測套組,9,2022/05/13 17:52:32,快篩實名制，每天16:00開始販售，售完為止。
5907301021,杏一左營自由藥局,高雄市左營區自由二路３９７號,120.3084,22.66541,(07)5509511,羅氏家用新冠病毒抗原自我檢測套組,3,2022/05/13 17:52:32,周一-周六販賣時間:15點；週日無提供快篩實聯制服務
5907320302,新高橋藥局明誠店,高雄市三民區明誠一路４９２號,120.3226,22.66046,(07)3107072,羅氏家用新冠病毒抗原自我檢測套組,1,2022/05/13 17:52:32,下午2:30開始販售
5907321069,桂林活力藥局九如店,高雄市三民區懷安街１１２號１樓,120.3176,22.64095,(07)3981009,羅氏家用新冠病毒抗原自我檢測套組,4,2022/05/13 17:52:32,每天15:30發號碼牌，於18:00前兌換完畢，逾期棄權，剩餘則繼續發放
5907350551,大樹武廟藥局,高雄市苓雅區武廟路４３、４５號１樓,120.3314,22.63005,(07)7222268,羅氏家用新冠病毒抗原自我檢測套組,2,2022/05/13 17:52:32,快篩實名制，每天16:00開始販售，售完為止。
5911010168,承泰藥局,基隆市中正區新豐街４４２號,121.786,25.13568,(02)24601316,羅氏家用新冠病毒抗原自我檢測套組,31,2022/05/13 17:52:32,實名制快篩販售時間於下午3點開始領取
5911011325,永好藥局,基隆市中正區北寧路３１５號１樓,121.7951,25.13981,(02)24697639,羅氏家用新冠病毒抗原自我檢測套組,27,2022/05/13 17:52:32,快篩星期一*三*五是單號 二*四雙號 下午14:30販售 星期六星期日休息
5911011334,海大藥局,基隆市中正區新豐街２５５號１樓,121.7879,25.13621,(02)24699222,羅氏家用新冠病毒抗原自我檢測套組,82,2022/05/13 17:52:32,平日：8：30~12：00，15：00~21：30；星期日：~12：00
5911011478,天康新豐藥局,基隆市中正區新豐街２５１巷４弄９號１樓,121.7885,25.13594,(02)24695168,羅氏家用新冠病毒抗原自我檢測套組,37,2022/05/13 17:52:32,無
5911011512,八斗子東亞藥局,基隆市中正區北寧路３７８號,121.7958,25.13944,(02)24698829,羅氏家用新冠病毒抗原自我檢測套組,4,2022/05/13 17:52:32,中午12點鐘開賣實名制快篩，售完為止
5911011585,雙鶴藥局,基隆市中正區義一路３５號１樓,121.7456,25.13309,(02)24263193,羅氏家用新冠病毒抗原自我檢測套組,8,2022/05/13 17:52:32,下午14:00開始販售
5911011594,禾新藥局,基隆市中正區新豐街２０５巷７號,121.7895,25.138,(02)24698940,羅氏家用新冠病毒抗原自我檢測套組,24,2022/05/13 17:52:32,快篩實名制販售時間:下午3點開始
5911011638,中正藥局,基隆市中正區新豐街３８５號１、２樓,121.7856,25.13537,(02)24690660,羅氏家用新冠病毒抗原自我檢測套組,69,2022/05/13 17:52:32,快篩實名制，每天16:00開始販售，售完為止。
5911021438,正心藥局,基隆市七堵區南興路１０號１樓,121.7149,25.09755,(02)24563378,羅氏家用新冠病毒抗原自我檢測套組,4,2022/05/13 17:52:32,每日限量78盒， 星期一~六下午13:30發號碼牌，14:00開始販賣，星期日上午9:00發號碼牌，9:30開始販賣，12:00停止領取
5911030026,欣華藥局,基隆市暖暖區源遠路１９７號,121.7517,25.09843,(02)24576741,羅氏家用新冠病毒抗原自我檢測套組,9,2022/05/13 17:52:32,10
5911031096,東方藥局,基隆市暖暖區暖暖街１５３號１樓,121.7367,25.10013,(02)24574171,羅氏家用新冠病毒抗原自我檢測套組,1,2022/05/13 17:52:32,上午9時開始販售
5911031238,碇內東亞藥師藥局,基隆市暖暖區源遠路３１９號１樓,121.7574,25.09941,(02)24590033,羅氏家用新冠病毒抗原自我檢測套組,8,2022/05/13 17:52:32,周一至周六下午三點發放快篩試劑
5911031283,福安藥局,基隆市暖暖區暖暖街５５２號,121.7365,25.09258,(02)24588550,羅氏家用新冠病毒抗原自我檢測套組,7,2022/05/13 17:52:32,5／9~5／12 晚上20:00；5／13~5／14 中午12:00；5／15 早上0700 販售 實名制家用快篩試劑
5911041332,光華藥局,基隆市仁愛區成功一路１２９號１樓,121.7364,25.12786,(02)24338703,羅氏家用新冠病毒抗原自我檢測套組,78,2022/05/13 17:52:32,快篩試劑販賣下午六點販售.星期日休息
5911041690,佑聖藥局,基隆市仁愛區仁二路１８８號,121.7451,25.12864,(02)24201762,羅氏家用新冠病毒抗原自我檢測套組,3,2022/05/13 17:52:32,即日起口罩販售店外公告，周日公休
5911050064,日星藥局,基隆市中山區安一路２５號,121.7369,25.13137,(02)24222090,羅氏家用新冠病毒抗原自我檢測套組,7,2022/05/13 17:52:32,十二點開始販賣
5912012120,仁美藥局,新竹市東區振興里振興路５２號,120.9625,24.79493,(03)5625398,羅氏家用新冠病毒抗原自我檢測套組,44,2022/05/13 17:52:32,週一~週六晚上六點販售（週日店休），下雨天，避免排隊淋雨，排隊超過10人，即開賣
5912013565,合康連鎖藥局關新店,新竹市東區關新北路１６１號１樓,121.0204,24.78614,(03)5679666,羅氏家用新冠病毒抗原自我檢測套組,8,2022/05/13 17:52:32,快篩販售時間:17:00
5912013627,合康連鎖藥局食品店,新竹市東區食品路１４０號１樓,120.977,24.79771,(03)5621111,羅氏家用新冠病毒抗原自我檢測套組,11,2022/05/13 17:52:32,實名快篩販售時間：下午17:00
5912042815,合康連鎖藥局西大店,新竹市北區西大路６３６、６３８號１樓,120.9585,24.8101,(03)5233111,羅氏家用新冠病毒抗原自我檢測套組,17,2022/05/13 17:52:32,17:00
5917010082,仁壽藥局,臺中市中區東墩里三民路三段１號,120.6817,24.14482,(04)22228058,羅氏家用新冠病毒抗原自我檢測套組,7,2022/05/13 17:52:32,週一至週日上午9時30分起販售快篩劑
5917020211,何藥局,臺中市東區精武路１８０號１樓,120.691,24.14765,(04)23605435,羅氏家用新冠病毒抗原自我檢測套組,10,2022/05/13 17:52:32,快篩下午4:00開始販售，現場排隊，直接販售，售完為止。
5917021549,福倫藥局,臺中市東區精武東路１９８號,120.71,24.14933,(04)22139918,羅氏家用新冠病毒抗原自我檢測套組,2,2022/05/13 17:52:32,快篩代售:每天下午02:00開始販售 售完為止.（口罩代售，售完為止）
5917030726,元泉藥局,臺中市西區公益里中美街２５７號,120.6601,24.14874,(04)23015503,羅氏家用新冠病毒抗原自我檢測套組,9,2022/05/13 17:52:32,固定週一至週六早上8:30開始販售口罩.售完為止
5917030995,麗新健保大藥局,臺中市西區向上路一段１６２號,120.6612,24.1469,(04)23017100,羅氏家用新冠病毒抗原自我檢測套組,24,2022/05/13 17:52:32,週一至週日下午15:00至售完為止
5917032382,中港大藥局,臺中市西區臺灣大道２段１３２號,120.6714,24.14995,(04)22080708,羅氏家用新冠病毒抗原自我檢測套組,62,2022/05/13 17:52:32,無
5917032462,名亨藥局,臺中市西區五權路２９號１樓,120.6696,24.14423,(04)22201089,羅氏家用新冠病毒抗原自我檢測套組,3,2022/05/13 17:52:32,每日上午8:20至12，下午3至6時販售.周 日  . 周 六    下 午 休 息 .
5917032640,幸福大藥局,臺中市西區向上路一段１９４號１樓,120.6605,24.14684,(04)23026149,羅氏家用新冠病毒抗原自我檢測套組,36,2022/05/13 17:52:32,每日下午3:00開始販售實名制快篩，售完為止（5／28改為上午8點））
5917032800,壹藥局,臺中市西區美村路１段７７５號１樓,120.6618,24.13306,(04)23721998,羅氏家用新冠病毒抗原自我檢測套組,3,2022/05/13 17:52:32,星期一到星期日每天下午二點開始販售快篩試劑售完為止謝謝
5917032891,中山福倫藥局,臺中市西區中山路４８３號１、２樓,120.6728,24.14668,(04)22026818,羅氏家用新冠病毒抗原自我檢測套組,1,2022/05/13 17:52:32,實名制快篩試劑中午12:15開賣~下午3:00結束，現場排隊購買，每月每人1卡1份（5入）
5917050933,英才藥局,臺中市北區英才路２２９號,120.674,24.15558,(04)22012325,羅氏家用新冠病毒抗原自我檢測套組,7,2022/05/13 17:52:32,上午9~10:30及下午5~6:30依序發售口罩，週日公休。
5917051056,育光中西藥局,臺中市北區健行里梅亭街６６０號１樓,120.6655,24.16055,(04)22037520,羅氏家用新冠病毒抗原自我檢測套組,17,2022/05/13 17:52:32,9點排隊開始開賣
5917053550,嘉樂藥局,臺中市北區西屯路一段３５１－７號,120.6658,24.15956,(04)23263967,羅氏家用新冠病毒抗原自我檢測套組,21,2022/05/13 17:52:32,星期一~五8.30~12.30，14.00~21.30，星期六8.30-12.30
5917053649,博森藥局,臺中市北區健行路４９３號,120.6778,24.15905,(04)22068589,羅氏家用新冠病毒抗原自我檢測套組,30,2022/05/13 17:52:32,防疫家用快篩固定在週一到週六，下午2:00到下午4:00，以現場排隊方式販售。
5917053756,中心旗艦藥局,臺中市北區五權路４０４號,120.6821,24.15288,(04)22068113,羅氏家用新冠病毒抗原自我檢測套組,13,2022/05/13 17:52:32,每日下午2:00開始賣快篩（實名制）.周一至周日都有營業
5917062773,逢甲何藥局,臺中市西屯區青海路二段二八七號一、二樓,120.6418,24.17275,(04)27088495,羅氏家用新冠病毒抗原自我檢測套組,30,2022/05/13 17:52:32,防疫家用快篩試劑販售 下午4:00發號碼牌（到貨時間不確定）
5917063350,天立專業藥師藥局,臺中市西屯區太原路１段２０７號１樓,120.6617,24.16318,(04)23160455,羅氏家用新冠病毒抗原自我檢測套組,1,2022/05/13 17:52:32,週一~週六快篩9:00售完為止，週日中午12：00售完為止
5917072724,百芳大藥局,臺中市南屯區向上路二段４２１號,120.6377,24.1469,(04)23818307,羅氏家用新冠病毒抗原自我檢測套組,2,2022/05/13 17:52:32,晚上7:00開始販賣快篩，不發號碼牌。
5917080379,大元藥局,臺中市北屯區北屯里昌平路一段２３號,120.6937,24.16657,(04)22357722,羅氏家用新冠病毒抗原自我檢測套組,72,2022/05/13 17:52:32,週一至週六每天晚上18:00至20:00販售快篩劑，週日公休
5917080762,順泰大藥局,臺中市北屯區北屯村北屯路１１５號,120.6939,24.165,(04)22341477,羅氏家用新冠病毒抗原自我檢測套組,26,2022/05/13 17:52:32,周三及周日公休，其餘時間每日上午9:00開賣，不需發號碼牌
5917082300,蔡宗耀中西藥局,臺中市北屯區平德里河北路２段６１號,120.6831,24.16994,(04)22341880,羅氏家用新冠病毒抗原自我檢測套組,8,2022/05/13 17:52:32,早上9點30分至下午12點30分，下午3點至8點發口罩，有發號碼牌。
5917082882,世富藥局,臺中市北屯區北屯路２９９－３號１樓,120.6961,24.16825,(04)22317085,羅氏家用新冠病毒抗原自我檢測套組,28,2022/05/13 17:52:32,營業早上08:00-12:00，下午15:00-21:00.星期六晚上休息.星期日休息
5917083076,瑞生藥局,臺中市北屯區大連路３段１２６號１樓,120.6948,24.17444,(04)22416759,羅氏家用新冠病毒抗原自我檢測套組,33,2022/05/13 17:52:32,每天早上8:30~晚上10:00，星期日休息（快篩販售時間:下午3:30）
5917083254,建祐藥局,臺中市北屯區太原路三段２６１號,120.6932,24.16505,(04)22389809,羅氏家用新冠病毒抗原自我檢測套組,35,2022/05/13 17:52:32,星期一-星期六15:00開始銷售；星期日休
5921040301,永生藥局,臺南市北區六甲里公園路４８１號,120.2079,23.00898,(06)2813681,羅氏家用新冠病毒抗原自我檢測套組,4,2022/05/13 17:52:32,已全數售完／即日至15日暫停販售
5921051582,丞功藥局,臺南市中西區成功路３１號,120.2095,22.99747,(06)2287641,羅氏家用新冠病毒抗原自我檢測套組,1,2022/05/13 17:52:32,星期一-六08:00-售完
5921071226,康活藥局,臺南市安平區健康三街１８６號,120.1686,22.98883,(06)2936483,羅氏家用新冠病毒抗原自我檢測套組,46,2022/05/13 17:52:32,快篩晚上18:00開賣.
5922010281,上安中西藥局,嘉義市東區府路里延平街２３８號之１,120.4502,23.47683,(05)2231005,羅氏家用新冠病毒抗原自我檢測套組,55,2022/05/13 17:52:32,星期一至星期五:上午7點半至8點，下午2點至3點，星期六:上午7點半至9點（售完提前截止）
5922010361,壽生堂藥局,嘉義市東區府路里延平街２８０號,120.4502,23.47683,(05)2225058,羅氏家用新冠病毒抗原自我檢測套組,29,2022/05/13 17:52:32,周一至周日上午09:00起，至20:00或售鑿為止。
5922010754,松柏藥局,嘉義市東區東平里民權路８７號,120.4618,23.48392,(05)2780909,羅氏家用新冠病毒抗原自我檢測套組,32,2022/05/13 17:52:32,防疫口罩及實名制快篩試劑於週一至週六，每日下午4:30開始販售，售完為止。
5922011966,源豪藥局,嘉義市東區光華路８２號,120.4529,23.4782,(05)2169696,羅氏家用新冠病毒抗原自我檢測套組,61,2022/05/13 17:52:32,周一至周六，售鑿為止。周日休
5922012178,聖心藥局,嘉義市東區大雅路二段５７７號,120.4676,23.47718,(05)2777189,羅氏家用新冠病毒抗原自我檢測套組,57,2022/05/13 17:52:32,每日下午3點領號碼牌
5922012285,聖安藥局,嘉義市東區仁武里民權路３６５號１樓,120.4506,23.48235,(05)2222941,羅氏家用新冠病毒抗原自我檢測套組,25,2022/05/13 17:52:32,每日8:30開始發放，每週四休息.
5922012383,振安藥局,嘉義市東區王田里林森東路３００號１樓,120.464,23.48889,(05)2756541,羅氏家用新冠病毒抗原自我檢測套組,19,2022/05/13 17:52:32,實名制快篩:周一至周日14:00開始販售，售完為止
5922012909,昱安藥局,嘉義市東區成仁街１８０號,120.4521,23.48057,(05)2252395,羅氏家用新冠病毒抗原自我檢測套組,62,2022/05/13 17:52:32,購買時段星期（一）至（六）下午4:00-5:00
5922012945,大明藥局,嘉義市東區大雅路二段６８２號,120.4663,23.47719,(05)2760958,羅氏家用新冠病毒抗原自我檢測套組,22,2022/05/13 17:52:32,快篩12點開始販售
5922013068,佑全嘉義吳鳳南藥局,嘉義市東區吳鳳南路５８５、５８７號,120.459,23.45639,(05)2399311,羅氏家用新冠病毒抗原自我檢測套組,34,2022/05/13 17:52:32,領取快篩14:00
5922013102,後庄藥局,嘉義市東區吳鳳南路６４９號,120.4594,23.45511,(05)2391233,羅氏家用新冠病毒抗原自我檢測套組,29,2022/05/13 17:52:32,快篩實名制，每天16:00開始販售，售完為止。
5922013120,大雅藥局,嘉義市東區大雅路二段４８７號,120.4714,23.47751,(05)2778237,羅氏家用新冠病毒抗原自我檢測套組,1,2022/05/13 17:52:32,有提前收到快篩就9:30營業就發 沒提前收到就依當天到貨時間發
5922013166,忠孝啄木鳥藥局,嘉義市東區忠孝北街１８５號,120.444,23.51618,(05)2204948,羅氏家用新冠病毒抗原自我檢測套組,2,2022/05/13 17:52:32,有收到配量即每日下午2:00販售
5922013175,森活中西藥局,嘉義市東區吳鳳北路２０８號一樓,120.4533,23.47931,(05)2288518,羅氏家用新冠病毒抗原自我檢測套組,34,2022/05/13 17:52:32,8:30開始發放號碼牌，12:00~14:00領取快篩
5922013184,軍輝啄木鳥藥局,嘉義市東區軍輝路２２２號,120.4588,23.455,(05)2395963,羅氏家用新冠病毒抗原自我檢測套組,21,2022/05/13 17:52:32,實名制快篩販售週一~日下午4:00開始
5922013193,民權藥局,嘉義市東區民權路１５５號１樓、１５７號１樓,120.4604,23.48374,(05)2775322,羅氏家用新冠病毒抗原自我檢測套組,30,2022/05/13 17:52:32,快篩實名制，每天16:00開始販售，售完為止。
5922020358,泰春藥局,嘉義市西區學圃里民生北路６６號,120.4468,23.47543,(05)2224118,羅氏家用新冠病毒抗原自我檢測套組,29,2022/05/13 17:52:32,快篩試劑販售時間：早 中 晚
5922020563,信康藥局,嘉義市西區翠岱里仁愛路２２６號,120.443,23.46984,(05)2161680,羅氏家用新冠病毒抗原自我檢測套組,16,2022/05/13 17:52:32,快篩星期一至星期五早上10:00開賣 星期六下午14:00開賣
5922020581,杏安藥局,嘉義市西區書院里民族路７８６號,120.4409,23.47535,(05)2271727,羅氏家用新冠病毒抗原自我檢測套組,18,2022/05/13 17:52:32,無
5922020634,利安藥局,嘉義市西區番社里中山路３４４號１樓,120.4473,23.47984,(05)2225756,羅氏家用新冠病毒抗原自我檢測套組,23,2022/05/13 17:52:32,快篩星期一~六下午13:30販賣，星期日另行公告
5922020652,四維啄木鳥藥局,嘉義市西區德安路１６０號,120.4284,23.48403,(05)2810598,羅氏家用新冠病毒抗原自我檢測套組,15,2022/05/13 17:52:32,口罩：每天8:15，現場排隊
5922020812,海鴻藥師藥局,嘉義市西區民生南路５５２號,120.4433,23.45878,(05)2837758,羅氏家用新冠病毒抗原自我檢測套組,44,2022/05/13 17:52:32,固定每日上午8 : 00 直接排隊發放
5922020821,明興藥局,嘉義市西區仁愛路２４７號１樓,120.4425,23.47149,(05)2365938,羅氏家用新冠病毒抗原自我檢測套組,56,2022/05/13 17:52:32,快篩 周一至周六下午2點開賣  週日無
5922020894,平良藥局,嘉義市西區致遠里興業西路８４號１樓,120.4443,23.46856,(05)2235220,羅氏家用新冠病毒抗原自我檢測套組,34,2022/05/13 17:52:32,下午3點開賣快篩
5922020983,睿安藥局,嘉義市西區八德路２７８號１樓,120.4303,23.49014,(05)2910678,羅氏家用新冠病毒抗原自我檢測套組,7,2022/05/13 17:52:32,快篩賣完為止 自備500元不找零 休息時間一到六12:00-14:30 周日休息
5922020992,昭安藥局,嘉義市西區民生南路４７９號１樓,120.4437,23.45821,(05)2842240,羅氏家用新冠病毒抗原自我檢測套組,14,2022/05/13 17:52:32,無
5922021006,竹圍藥局,嘉義市西區友愛路２７０、２７２號,120.4339,23.4837,(05)2811233,羅氏家用新冠病毒抗原自我檢測套組,52,2022/05/13 17:52:32,快篩實名制，每天16:00開始販售，售完為止。
5922021024,理維藥局,嘉義市西區民生南路４０９號１樓,120.4436,23.45979,(05)2831110,羅氏家用新冠病毒抗原自我檢測套組,42,2022/05/13 17:52:32,週一至週日上午10:00販售。（週一至週六有保留25份於下午5:00販售，週日無）
5922028596,一安藥局,嘉義市西區福民里興業西路３１１號,120.4387,23.4677,(05)2859275,羅氏家用新冠病毒抗原自我檢測套組,1,2022/05/13 17:52:32,周一至周日早上9點至晚上10點半依發放號碼排依序售完
5922028783,勝成藥局,嘉義市西區南京路１２６巷１９號,120.4406,23.45687,(05)2360247,羅氏家用新冠病毒抗原自我檢測套組,30,2022/05/13 17:52:32,4月28日起9:30至12:00販賣快篩試劑，請於現場排隊，售完為止
5922028863,益生堂藥局,嘉義市西區杭州三街３０號,120.4446,23.46678,(05)2861415,羅氏家用新冠病毒抗原自我檢測套組,23,2022/05/13 17:52:32,平日（W一~W六）10:30
5922028925,健安藥局,嘉義市西區民族路６２６號,120.4452,23.4757,(05)2281219,羅氏家用新冠病毒抗原自我檢測套組,18,2022/05/13 17:52:32,口罩:星期一至星期六9點-12點，15點-21點
592202A349,力健藥局,嘉義市西區文化路５９１號,120.4443,23.49355,(05)2323217,羅氏家用新冠病毒抗原自我檢測套組,2,2022/05/13 17:52:32,營業時間為早上8:00至中午13:00，下午2:30至晚上9:30，口罩發放從早上8:30至售完為止
592202A358,國豐藥局,嘉義市西區北興街２４５－２號１樓,120.4386,23.4854,(05)2318473,羅氏家用新冠病毒抗原自我檢測套組,21,2022/05/13 17:52:32,週一至週六上午10:00開始販售，無號碼牌（週六下午及例假日停售）
5931010011,埔墘藥局,新北市板橋區中山路２段２２７號,121.477,25.01741,(02)29646705,羅氏家用新冠病毒抗原自我檢測套組,1,2022/05/13 17:52:32,實名制快篩每天14:30發放號碼牌
5931010066,翰林藥局,新北市板橋區中正路２４０號,121.4557,25.01906,(02)29602748,羅氏家用新冠病毒抗原自我檢測套組,1,2022/05/13 17:52:32,早上8：00─晚上11：00
5931010235,友祥藥局,新北市板橋區裕民街１０７號,121.4599,25.02773,(02)22544666,羅氏家用新冠病毒抗原自我檢測套組,1,2022/05/13 17:52:32,無
5931014046,欣安藥局,新北市板橋區懷德街１０９號１樓,121.4786,25.03147,(02)82570296,羅氏家用新冠病毒抗原自我檢測套組,1,2022/05/13 17:52:32,目前快篩送貨時間不定，發放時間依現場公告為主。
5931015187,皇慶藥局,新北市板橋區南門街８１、８３號１、２樓及館前西路１１２巷７號,121.4568,25.0077,(02)29655351,羅氏家用新冠病毒抗原自我檢測套組,45,2022/05/13 17:52:32,實名防疫快篩號碼牌發放時間自15:00
5931015687,正康健保藥局,新北市板橋區大觀路２段６５號１樓,121.4467,25.00246,(02)22756681,羅氏家用新冠病毒抗原自我檢測套組,18,2022/05/13 17:52:32,下午13:30依現場順序開始販售快篩，快篩配送絮亂庫存不準!!
5931015909,向康藥局,新北市板橋區實踐路１４７號１樓,121.4643,25.00437,(02)29637248,羅氏家用新冠病毒抗原自我檢測套組,42,2022/05/13 17:52:32,下午2點開始販售實名制快篩
5931015981,立安中西藥局,新北市板橋區後埔街８３號１樓,121.4607,25.00523,(02)29582241,羅氏家用新冠病毒抗原自我檢測套組,47,2022/05/13 17:52:32,無
5931016433,利安社區藥局,新北市板橋區德興街３７巷１４號（１樓）,121.4538,24.99382,(02)89671551,羅氏家用新冠病毒抗原自我檢測套組,1,2022/05/13 17:52:32,無
5931016504,仁泰藥局,新北市板橋區四川路２段３３號１樓,121.4543,24.99537,(02)89672133,羅氏家用新冠病毒抗原自我檢測套組,37,2022/05/13 17:52:32,無
5931016611,民川藥局,新北市板橋區四川路１段９７號１樓,121.4598,25.00544,(02)29520090,羅氏家用新冠病毒抗原自我檢測套組,55,2022/05/13 17:52:32,星期一~星期六（快篩上午9:00販售38份下午3:00販售40份）
5931016808,正安健保藥局,新北市板橋區民族路２２４號（１樓）,121.4687,25.00733,(02)29526813,羅氏家用新冠病毒抗原自我檢測套組,15,2022/05/13 17:52:32,17時依現場順序開始販售.週六12點.電腦配送庫存不準..以現場數量為準
5931017056,迦佰麗藥局,新北市板橋區南雅南路２段１１－２４號（１樓）,121.454,25.00184,(02)29648498,羅氏家用新冠病毒抗原自我檢測套組,13,2022/05/13 17:52:32,營業時間10:00-22:30 實名制快篩每日15:00開賣（星期日休息）
5931017172,順儷府中藥局,新北市板橋區中山路１段９６號（１樓）,121.4622,25.01016,(02)29541199,羅氏家用新冠病毒抗原自我檢測套組,32,2022/05/13 17:52:32,無
5931017289,板橋大樹藥局,新北市板橋區忠孝路２８號（１樓）,121.4603,25.00176,(02)29555551,羅氏家用新冠病毒抗原自我檢測套組,45,2022/05/13 17:52:32,快篩實名制，每天16:00開始販售，售完為止。
5931017403,光澤醫美藥局,新北市板橋區四川路１段２１號（１樓）,121.4595,25.00689,(02)29551215,羅氏家用新冠病毒抗原自我檢測套組,3,2022/05/13 17:52:32,無
5931017494,佑全板橋四川藥局,新北市板橋區四川路１段４７１號１樓,121.4573,24.99744,(02)29559598,羅氏家用新冠病毒抗原自我檢測套組,31,2022/05/13 17:52:32,快篩販售時間：周一到周五1500開始，週六日公休，現場排隊
5931017529,埔全藥局,新北市板橋區忠孝路３３號（１樓）,121.4608,25.00206,(02)29567309,羅氏家用新冠病毒抗原自我檢測套組,20,2022/05/13 17:52:32,實名快篩 可以加line詢問
5931017618,新埔健保藥局,新北市板橋區自由路２號１樓,121.4654,25.02222,(02)22558878,羅氏家用新冠病毒抗原自我檢測套組,39,2022/05/13 17:52:32,無
5931017636,福澤藥局,新北市板橋區南雅南路１段８５號（１樓）,121.4556,25.00543,(02)29690013,羅氏家用新冠病毒抗原自我檢測套組,28,2022/05/13 17:52:32,口罩代售9:00-23:00
5931017645,松立藥局,新北市板橋區四川路２段９９之１０號（１樓）,121.4521,24.99448,(02)89670100,羅氏家用新冠病毒抗原自我檢測套組,7,2022/05/13 17:52:32,無
5931017690,杏文藥局,新北市板橋區實踐路１００號（１樓）,121.464,25.00484,(02)29555699,羅氏家用新冠病毒抗原自我檢測套組,23,2022/05/13 17:52:32,無
5931017752,泓泰藥局,新北市板橋區館前西路１４０號２樓,121.4563,25.0081,(02)29686559,羅氏家用新冠病毒抗原自我檢測套組,69,2022/05/13 17:52:32,無
5931017912,社後藥局,新北市板橋區大仁街３９號（１樓）,121.4551,25.01661,(02)29665662,羅氏家用新冠病毒抗原自我檢測套組,1,2022/05/13 17:52:32,快篩實名制，每天16:00開始販售，售完為止。
5931017967,曉品中西藥局,新北市板橋區貴興路２４號（１樓）,121.4575,25.00389,(02)29586990,羅氏家用新冠病毒抗原自我檢測套組,1,2022/05/13 17:52:32,無
5931017994,後埔藥局,新北市板橋區華興街９號（１樓）,121.459,25.00457,(02)89510306,羅氏家用新冠病毒抗原自我檢測套組,1,2022/05/13 17:52:32,5／13下午2點發放號碼牌*確保作業流暢請自備500元*每天 78 份晚上10 點以前領取完畢（過卡時間差異剩餘數量僅供參考）
5931018099,廣品藥局,新北市板橋區漢生西路８２號（１樓）,121.4628,25.01934,(02)22576880,羅氏家用新冠病毒抗原自我檢測套組,7,2022/05/13 17:52:32,實名制快篩 周一~周五下午16；00發放 週六.日 早上09；30發放 請勿打電話詢問 感謝配合
5931018133,綠洲藥局,新北市板橋區三民路２段１９７號（１樓）,121.4792,25.01387,(02)29580170,羅氏家用新冠病毒抗原自我檢測套組,8,2022/05/13 17:52:32,每日下午三點開始販售實名制快篩，請攜帶健保卡與500元，一人一卡限購一份，如須購買兩份請結帳後重新排隊。
5931018142,重慶藥局,新北市板橋區國慶路１２７號（１樓）,121.4608,24.99602,(02)29565586,羅氏家用新冠病毒抗原自我檢測套組,5,2022/05/13 17:52:32,快篩實名制，每天16:00開始販售，售完為止。
5931023349,迪化藥局,新北市三重區中華路７７號,121.4836,25.06267,(02)29834445,羅氏家用新冠病毒抗原自我檢測套組,1,2022/05/13 17:52:32,實名制快篩每日早上九點發牌號／週日食藥署暫停供應快篩
5931023447,安泰藥局,新北市三重區正義北路３００－３號２樓,121.4953,25.06978,(02)89815379,羅氏家用新冠病毒抗原自我檢測套組,122,2022/05/13 17:52:32,5／2只有早上8:30--12:00營業下午.及晚上休息
5931023563,寶貝藥局,新北市三重區仁愛街３０２－１號,121.4921,25.07944,(02)29802190,羅氏家用新冠病毒抗原自我檢測套組,2,2022/05/13 17:52:32,無
5931023858,開元藥局,新北市三重區正義北路３２４號２樓,121.4949,25.07039,(02)29873976,羅氏家用新冠病毒抗原自我檢測套組,40,2022/05/13 17:52:32,無
5931024588,陽光藥師藥局,新北市三重區三和路２段１８２號１樓,121.4987,25.06886,(02)29788120,羅氏家用新冠病毒抗原自我檢測套組,90,2022/05/13 17:52:32,無
5931024962,建祥三和藥局,新北市三重區三和路２段１６０號１樓,121.4992,25.06853,(02)29703379,羅氏家用新冠病毒抗原自我檢測套組,2,2022/05/13 17:52:32,實名制快篩10:00發放號碼牌
5931024971,欽勝藥局,新北市三重區重陽路４段６號２樓,121.4906,25.06894,(02)29857389,羅氏家用新冠病毒抗原自我檢測套組,17,2022/05/13 17:52:32,販售快篩需現場排隊，無預約無號碼牌，販售時間15:00。
5931025290,康新藥局,新北市三重區正義北路１８５號２樓,121.4964,25.06783,(02)29865982,羅氏家用新冠病毒抗原自我檢測套組,35,2022/05/13 17:52:32,實名制代售時段：下午2點到4點。請自備零錢，恕不找零。.
5931025398,昌誠藥局,新北市三重區三和路４段１６１號１樓,121.4835,25.0785,(02)22876338,羅氏家用新冠病毒抗原自我檢測套組,5,2022/05/13 17:52:32,5／2 （休診）
5931025521,徐匯藥局,新北市三重區仁愛街７５５號１樓,121.4809,25.07996,(02)28572234,羅氏家用新冠病毒抗原自我檢測套組,8,2022/05/13 17:52:32,實名快篩星期一~六，下午2:30開賣，1人限1卡
5931025610,大樹三重藥局,新北市三重區正義北路６６號１樓,121.4972,25.06415,(02)29713188,羅氏家用新冠病毒抗原自我檢測套組,1,2022/05/13 17:52:32,快篩實名制，每天16:00開始販售，售完為止。
5931025647,幸康藥局,新北市三重區正義北路２０５號２樓,121.4962,25.0684,(02)29816105,羅氏家用新冠病毒抗原自我檢測套組,108,2022/05/13 17:52:32,國定假日，如元旦，端午，中秋不執行調劑業務。政府快篩實名制於週一~週六的14:30開始販售。
5931025825,美康中正北藥局,新北市三重區中正北路１４９號１樓２樓,121.4826,25.06755,(02)29882836,羅氏家用新冠病毒抗原自我檢測套組,3,2022/05/13 17:52:32,無
5931025870,宏安藥局,新北市三重區集美街１５８號１樓,121.4898,25.05306,(02)29785866,羅氏家用新冠病毒抗原自我檢測套組,8,2022/05/13 17:52:32,無
5931025969,躍獅欣欣藥局,新北市三重區正義北路２３３號１樓,121.496,25.06915,(02)29816955,羅氏家用新冠病毒抗原自我檢測套組,70,2022/05/13 17:52:32,16:00開始販售，15:50發號碼牌，離開視同放棄。
5931025987,忠孝德榮藥局,新北市三重區忠孝路２段９７號１樓,121.4842,25.07005,(02)29800297,羅氏家用新冠病毒抗原自我檢測套組,78,2022/05/13 17:52:32,*實名制快篩* 週一至週日晚間19:00開始代售.
5931026028,宏欣藥局,新北市三重區仁愛街５１７號２樓,121.4878,25.08227,(02)29811234,羅氏家用新冠病毒抗原自我檢測套組,57,2022/05/13 17:52:32,一~五16:00，日09:30，六不發
5931026073,重陽藥局,新北市三重區重陽路４段３６、３８號１樓,121.4913,25.06975,(02)29880456,羅氏家用新冠病毒抗原自我檢測套組,13,2022/05/13 17:52:32,快篩實名制，每天16:00開始販售，售完為止。
5931030568,仲景藥局,新北市永和區竹林路２１３巷１號,121.521,25.00893,(02)89281687,羅氏家用新冠病毒抗原自我檢測套組,1,2022/05/13 17:52:32,實名制快篩每日總量78份，下午2點現場排隊過卡，1人1卡每月限領1次，不發號碼牌；營業時間9:30-10:30
5931032188,原大藥局,新北市永和區永和路１段２０號１樓,121.513,25.00471,(02)29272767,羅氏家用新冠病毒抗原自我檢測套組,5,2022/05/13 17:52:32,快篩下午1點開始
5931032811,華特健康藥局,新北市永和區永貞路３６２號１樓,121.5102,25.00667,(02)29264391,羅氏家用新冠病毒抗原自我檢測套組,16,2022/05/13 17:52:32,快篩販賣時間13:00-15:00
5931033032,弘光藥局,新北市永和區竹林路中興里６６巷１９號１樓,121.5201,25.01396,(02)29282000,羅氏家用新冠病毒抗原自我檢測套組,8,2022/05/13 17:52:32,早上9點至晚上10點 口罩代售號碼牌自1400開始發放
5931033194,廣惠藥局,新北市永和區中正路６４９號２樓,121.5152,25.01007,(02)29290675,羅氏家用新冠病毒抗原自我檢測套組,13,2022/05/13 17:52:32,快篩販售時間 15:00 - 售完為止
5931033201,級立健保藥局,新北市永和區保平路１３９號１樓,121.5102,25.00608,(02)29299995,羅氏家用新冠病毒抗原自我檢測套組,16,2022/05/13 17:52:32,快篩代售時間為下午15:00，週日不銷售
5931033363,保安藥局,新北市永和區保安路２１２號１樓,121.5075,25.01393,(02)29277623,羅氏家用新冠病毒抗原自我檢測套組,10,2022/05/13 17:52:32,快篩配送時間不一定，依配送時間決定。目前時段下午3點開始，售完為止。
5931033649,敦品民治藥局,新北市永和區民治街８１號１樓,121.5175,24.99805,(02)29494150,羅氏家用新冠病毒抗原自我檢測套組,7,2022/05/13 17:52:32,口罩下午2點-4點半現場購買
5931033809,新禾藥局,新北市永和區中和路５３７號１樓,121.5114,25.00318,(02)29208877,羅氏家用新冠病毒抗原自我檢測套組,30,2022/05/13 17:52:32,無
5931033890,康杏安藥局,新北市永和區保平路９９號１樓,121.5114,25.00686,(02)29298968,羅氏家用新冠病毒抗原自我檢測套組,2,2022/05/13 17:52:32,快篩14:55發號碼牌，15:00開始販售，共78份
5931034020,順和藥局,新北市永和區中正路７５號１樓,121.5149,24.99687,(02)86680362,羅氏家用新冠病毒抗原自我檢測套組,34,2022/05/13 17:52:32,無
5931034057,佑全永和中山藥局,新北市永和區中山路１段２２７、２２９、２３１號１樓,121.508,25.00776,(02)22331546,羅氏家用新冠病毒抗原自我檢測套組,1,2022/05/13 17:52:32,實際配送時間不定，上午12:50現場開始發放號碼牌。
5931034208,正銨藥局,新北市永和區得和路２４７－１號（１樓）,121.5206,25.00009,(02)29288100,羅氏家用新冠病毒抗原自我檢測套組,11,2022/05/13 17:52:32,星期1~6下午2:00開始賣.星期日休息
5931040215,華新藥局,新北市中和區華新街７３號,121.5082,24.98392,(02)29448345,羅氏家用新冠病毒抗原自我檢測套組,5,2022/05/13 17:52:32,無
5931040242,天立藥局,新北市中和區莒光路１２２號,121.4724,25.00173,(02)29578831,羅氏家用新冠病毒抗原自我檢測套組,20,2022/05/13 17:52:32,於下午15:00憑健保卡（一人一卡）購買實名制快篩。
5931040297,信隆大藥局,新北市中和區安樂路６號１至２樓,121.5118,24.99168,(02)29426196,羅氏家用新冠病毒抗原自我檢測套組,23,2022/05/13 17:52:32,無
5931040313,亮安藥局,新北市中和區宜安路２號,121.5136,24.99555,(02)29469898,羅氏家用新冠病毒抗原自我檢測套組,36,2022/05/13 17:52:32,無
5931042371,真成大藥局,新北市中和區光華街３８號,121.5048,25.00389,(02)22447008,羅氏家用新冠病毒抗原自我檢測套組,1,2022/05/13 17:52:32,實名快篩周一至周六下午1:30發放號碼牌 周日早上9:30點~12點前領完 週日無販售
5931042648,恩溢藥局,新北市中和區復興路７９號１樓.２樓,121.5035,24.9902,(02)22452450,羅氏家用新冠病毒抗原自我檢測套組,23,2022/05/13 17:52:32,快篩販售:周一~五15:10周六13:30
5931043047,藥安藥局,新北市中和區廣福路１６號１樓,121.5052,25.00277,(02)22447066,羅氏家用新冠病毒抗原自我檢測套組,35,2022/05/13 17:52:32,星期日公休
5931043109,育新藥局,新北市中和區中安街４０巷６號,121.5127,25.00305,(02)29283479,羅氏家用新冠病毒抗原自我檢測套組,24,2022/05/13 17:52:32,週一、二、三、五、六早上八點開始販售，售完為止（四、日無販賣）
5931043538,三越藥局,新北市中和區復興路２７７號１樓,121.5024,24.9902,(02)22427215,羅氏家用新冠病毒抗原自我檢測套組,2,2022/05/13 17:52:32,快篩販售時段：下午13:00開始 ，售完為止
5931043565,一安藥妝藥局,新北市中和區中和路９號１.２樓,121.4998,25.00221,(02)22483778,羅氏家用新冠病毒抗原自我檢測套組,6,2022/05/13 17:52:32,下午3點開始發號碼牌販售快篩
5931043663,群芳藥局,新北市中和區和興里中興街７３號１樓,121.5004,24.99323,(02)22433729,羅氏家用新冠病毒抗原自我檢測套組,23,2022/05/13 17:52:32,無
5931043770,宜安健康人生藥局,新北市中和區宜安路１６２號１樓,121.5091,24.99895,(02)29224648,羅氏家用新冠病毒抗原自我檢測套組,66,2022/05/13 17:52:32,下午六點起發實名制快篩
5931043921,良安藥局,新北市中和區連城路４７７巷１號１樓,121.4833,24.99555,(02)22225798,羅氏家用新冠病毒抗原自我檢測套組,139,2022/05/13 17:52:32,週六日不開店，實名制快篩，晚上9:00開始販售
5931043930,三德和藥局,新北市中和區吉興里南山路２８９號１樓,121.5044,24.99207,(02)22471028,羅氏家用新冠病毒抗原自我檢測套組,2,2022/05/13 17:52:32,無
5931043976,詠邑藥局,新北市中和區南華路４３號１樓,121.5038,24.99671,(02)22445630,羅氏家用新冠病毒抗原自我檢測套組,27,2022/05/13 17:52:32,無
5931044044,宥元藥局,新北市中和區德光路６２號１樓,121.4696,25.00398,(02)89535473,羅氏家用新冠病毒抗原自我檢測套組,31,2022/05/13 17:52:32,週一至周六10:30-22:00發放快篩
5931044204,康廷安藥局,新北市中和區大勇街１６號１樓,121.5173,24.99277,(02)86683599,羅氏家用新冠病毒抗原自我檢測套組,1,2022/05/13 17:52:32,快篩14:50~14:55發號碼牌.15:00開始販售
5931044375,藥聯藥師藥局,新北市中和區宜安路１４３號１樓,121.5092,24.99858,(02)29481198,羅氏家用新冠病毒抗原自我檢測套組,9,2022/05/13 17:52:32,無
5931044599,成合藥局,新北市中和區景平路４２９之２號１樓,121.5013,24.99545,(02)22483605,羅氏家用新冠病毒抗原自我檢測套組,3,2022/05/13 17:52:32,1月2日~1月8日防疫口罩暫停服務，1月9日正常提供防疫口罩購買服務.
5931044615,安泰大藥局,新北市中和區南山路３５號１樓,121.5022,24.99882,(02)82459423,羅氏家用新冠病毒抗原自我檢測套組,45,2022/05/13 17:52:32,週六及週日 暫停販售快篩試劑（無號碼牌）
5931044875,誼安健業藥局,新北市中和區宜安路１１８巷２０號１樓,121.5108,24.99863,(02)86600058,羅氏家用新冠病毒抗原自我檢測套組,59,2022/05/13 17:52:32,下午2點發快篩 假日週日 下午3點發快篩
5931044991,曜群藥局,新北市中和區景安路２５號１樓,121.5079,24.99893,(02)89432206,羅氏家用新冠病毒抗原自我檢測套組,12,2022/05/13 17:52:32,週一至周六早上8:30販售實名制快篩 周日下午15:30販售實名制快篩
5931045032,朝安藥局,新北市中和區復興路２６２號１樓,121.5035,24.99038,(02)31511269,羅氏家用新冠病毒抗原自我檢測套組,29,2022/05/13 17:52:32,實名制快篩下午2點過卡販售，每人限持一卡，不發號碼牌。（任何異動依現場公告為準）
5931045041,大誠藥局,新北市中和區民享街８７號１樓,121.4744,25.00162,(02)22258394,羅氏家用新冠病毒抗原自我檢測套組,6,2022/05/13 17:52:32,實名制快篩 每日下午03:30開始販售，現場排隊
5931045130,四維藥局,新北市中和區四維街３７巷２號１樓,121.5124,24.98679,(02)86681345,羅氏家用新冠病毒抗原自我檢測套組,13,2022/05/13 17:52:32,快篩實名制，每天16:00開始販售，售完為止。
5931045158,九崧藥局,新北市中和區南華路２０號１樓,121.503,24.99577,(02)22451379,羅氏家用新冠病毒抗原自我檢測套組,22,2022/05/13 17:52:32,實名制快篩試劑每日下午13:30販售（星期日休息）
5931045256,品心藥局,新北市中和區中山路３段９６號１樓,121.4774,25.00579,(02)22228384,羅氏家用新冠病毒抗原自我檢測套組,31,2022/05/13 17:52:32,無
5931045345,芳碩藥局,新北市中和區連城路４７巷２號１樓,121.4982,25.00162,(02)82458816,羅氏家用新冠病毒抗原自我檢測套組,13,2022/05/13 17:52:32,販售時間星期一~星期六下午14:00-21:00 （星期日休息）
5931045363,順儷景安藥局,新北市中和區景安路１９６號１樓,121.5042,24.99153,(02)22433515,羅氏家用新冠病毒抗原自我檢測套組,27,2022/05/13 17:52:32,健保卡實名制快篩於下午3點開始販售，現場排隊不發號碼牌及預訂
5931045443,台昕藥局,新北市中和區復興路２５５號（１樓）,121.5032,24.9902,(02)22406080,羅氏家用新冠病毒抗原自我檢測套組,26,2022/05/13 17:52:32,無
5931045452,安華藥局,新北市中和區圓通路２９３之２號２樓,121.4949,24.99236,(02)22426010,羅氏家用新冠病毒抗原自我檢測套組,56,2022/05/13 17:52:32,無
5931045470,富康活力永禎藥局,新北市中和區永貞路２５４號１樓,121.5141,25.00377,(02)29215999,羅氏家用新冠病毒抗原自我檢測套組,26,2022/05/13 17:52:32,無
5931045505,順儷民享藥局,新北市中和區民享街５３號１樓,121.4742,25.00265,(02)22222825,羅氏家用新冠病毒抗原自我檢測套組,1,2022/05/13 17:52:32,無
5931052751,新康藥局,新北市新店區北新路１段１９５號１樓、２樓,121.5402,24.9648,(02)29178179,羅氏家用新冠病毒抗原自我檢測套組,3,2022/05/13 17:52:32,無
5931053141,禾康藥局,新北市新店區德正街４４號１樓,121.5443,24.97143,(02)29160596,羅氏家用新冠病毒抗原自我檢測套組,7,2022/05/13 17:52:32,無
5931053285,北新212藥局,新北市新店區北新路３段２１２號（２樓）,121.5413,24.98429,(02)29183212,羅氏家用新冠病毒抗原自我檢測套組,32,2022/05/13 17:52:32,依照行一昌勳診所門診時間營業
5931053329,康宜庭民權藥局,新北市新店區民權路４８－２號１樓,121.5396,24.98307,(02)86655371,羅氏家用新冠病毒抗原自我檢測套組,2,2022/05/13 17:52:32,實名快篩星期一~六14:00開賣現場排隊
5931060244,七安大藥局,新北市新莊區民安西路５５號１、２樓及５７號１樓,121.4275,25.02044,(02)22026066,羅氏家用新冠病毒抗原自我檢測套組,5,2022/05/13 17:52:32,實名制快篩15:00發號碼.發完號碼開始領快篩及收費
5931060342,十安藥局,新北市新莊區中港路３１６號,121.4524,25.04544,(02)29922859,羅氏家用新冠病毒抗原自我檢測套組,5,2022/05/13 17:52:32,自111／04／01起不再販賣實名制口罩
5931060557,一安藥局,新北市新莊區立德里新泰路２６８號,121.446,25.04029,(02)29941618,羅氏家用新冠病毒抗原自我檢測套組,4,2022/05/13 17:52:32,實名制快篩發放時間為15:00  其他詳情請上FB查詢
5931060824,禮安藥師藥局,新北市新莊區自立街１０９號１樓,121.4555,25.0455,(02)29942891,羅氏家用新冠病毒抗原自我檢測套組,7,2022/05/13 17:52:32,無
5931067136,蒲陽藥局,新北市新莊區中港路５１４號,121.4518,25.05187,(02)29930069,羅氏家用新冠病毒抗原自我檢測套組,2,2022/05/13 17:52:32,無
5931067565,豐年藥局,新北市新莊區中正路３７７巷１６號,121.4462,25.03395,(02)22071182,羅氏家用新冠病毒抗原自我檢測套組,1,2022/05/13 17:52:32,無
5931068599,建昌藥局,新北市新莊區福營里中正路５５７號,121.435,25.03254,(02)29015422,羅氏家用新冠病毒抗原自我檢測套組,15,2022/05/13 17:52:32,快篩代售時間:週一至週日14:30現場排隊購買，售完為止。（物流配送不及則例外，以門市公告為主）
5931068759,森活藥局,新北市新莊區民安路２２０－１號,121.426,25.02259,(02)22027927,羅氏家用新冠病毒抗原自我檢測套組,10,2022/05/13 17:52:32,實名快篩15點開賣
5931069792,宏泰藥局,新北市新莊區自信街３７號１樓,121.4543,25.04863,(02)29964649,羅氏家用新冠病毒抗原自我檢測套組,10,2022/05/13 17:52:32,無
593106A726,良和健保藥局,新北市新莊區龍安路４９號１樓,121.4158,25.02151,(02)29048157,羅氏家用新冠病毒抗原自我檢測套組,1,2022/05/13 17:52:32,快篩：晚上8點開始販售，星期六、日休息不代售
593106A995,美德心藥局,新北市新莊區中平路３６７號１樓,121.4446,25.05226,(02)29989025,羅氏家用新冠病毒抗原自我檢測套組,10,2022/05/13 17:52:32,快篩實名制，每天14:30發號碼牌，持號碼牌依現場順序排隊購買，售完為止。（如物流配送不及，則另行公告）
593106B027,樂福藥局,新北市新莊區幸福路４８號１樓、幸福路６４巷２弄１６號１樓,121.4577,25.04953,(02)29923388,羅氏家用新冠病毒抗原自我檢測套組,2,2022/05/13 17:52:32,下午三點半開始購買快篩實名制
593106B036,家嘉藥局,新北市新莊區自立街１０３號（１樓）,121.4553,25.04549,(02)89926488,羅氏家用新冠病毒抗原自我檢測套組,32,2022/05/13 17:52:32,今天號碼牌都已發放完畢
593106B090,依都勇藥局,新北市新莊區自信街６３號（１樓）,121.4554,25.04829,(02)29901516,羅氏家用新冠病毒抗原自我檢測套組,3,2022/05/13 17:52:32,無
593106B223,吉田藥局,新北市新莊區西盛街３１３號１樓,121.4281,25.01516,(02)22065185,羅氏家用新冠病毒抗原自我檢測套組,21,2022/05/13 17:52:32,無
593106B232,新康健保藥局,新北市新莊區自立街１７２號１樓,121.4557,25.04537,(02)29962558,羅氏家用新冠病毒抗原自我檢測套組,12,2022/05/13 17:52:32,早上9點發號碼牌，下午2-4點帶號碼牌來領快篩（逾時不候）
593106B349,騰康藥局,新北市新莊區富國路１８４號１樓,121.4245,25.02446,(02)26793069,羅氏家用新冠病毒抗原自我檢測套組,6,2022/05/13 17:52:32,無
5931071970,保康藥局,新北市樹林區保安街１段３６４號,121.4176,24.99856,(02)86875503,羅氏家用新冠病毒抗原自我檢測套組,3,2022/05/13 17:52:32,無
5931072066,琉璃水藥師藥局,新北市樹林區龍興街２１號１樓,121.403,25.01614,(02)26764262,羅氏家用新冠病毒抗原自我檢測套組,26,2022/05/13 17:52:32,無
5931072520,世淇健保藥局,新北市樹林區復興路５０號１樓,121.4221,24.99391,(02)26842255,羅氏家用新冠病毒抗原自我檢測套組,1,2022/05/13 17:52:32,無
5931081289,唯新示範藥局,新北市鶯歌區建國路１６１號１樓,121.3503,24.95345,(02)86775363,羅氏家用新冠病毒抗原自我檢測套組,6,2022/05/13 17:52:32,實名制快篩購買時段下午2:50-4:00
5931081547,信義健保藥局,新北市鶯歌區信義街６３號１樓,121.3534,24.95571,(02)86775563,羅氏家用新冠病毒抗原自我檢測套組,39,2022/05/13 17:52:32,發放時間以現場公告為主
5931091481,盛加藥局,新北市三峽區民生街４９號,121.3755,24.9362,(02)26739797,羅氏家用新冠病毒抗原自我檢測套組,8,2022/05/13 17:52:32,政府快篩平日下午1:50發號碼牌，下午2:00準時販售，假日視政府配量（販售時間相同）
5931091696,祥祐藥局,新北市三峽區文化路１２５號１樓,121.3699,24.93598,(02)26738080,羅氏家用新冠病毒抗原自我檢測套組,6,2022/05/13 17:52:32,實名制快篩下午2點開始販售
5931091972,三峽大昌藥局,新北市三峽區民生街５６號１樓,121.3752,24.93635,(02)26711560,羅氏家用新冠病毒抗原自我檢測套組,7,2022/05/13 17:52:32,無
5931092095,禾雅藥局,新北市三峽區文化路１３０號（１樓）,121.3709,24.93626,(02)26718621,羅氏家用新冠病毒抗原自我檢測套組,25,2022/05/13 17:52:32,無
5931092111,立雅藥局,新北市三峽區文化路８４號（１樓）,121.3719,24.93627,(02)26712601,羅氏家用新冠病毒抗原自我檢測套組,7,2022/05/13 17:52:32,無
5931100154,尚運藥局,新北市淡水區學府路５１巷１弄２０號,121.4473,25.16892,(02)26225149,羅氏家用新冠病毒抗原自我檢測套組,7,2022/05/13 17:52:32,無
5931101464,伯聯藥局,新北市淡水區清水街９－１０號１樓,121.4444,25.17023,(02)26255847,羅氏家用新冠病毒抗原自我檢測套組,1,2022/05/13 17:52:32,快篩實名制星期一到六08:00開賣（如有到貨），星期日無販售
5931101937,文川藥局,新北市淡水區中山北路１段９３號１樓,121.4423,25.17631,(02)86319033,羅氏家用新冠病毒抗原自我檢測套組,16,2022/05/13 17:52:32,星期一-六下午14:50開始販售快篩試劑:星期日早上8:30開始販售
5931102103,四季寶健保藥局,新北市淡水區新市一路３段１１７－１號（含夾層）,121.4468,25.18314,(02)26283199,羅氏家用新冠病毒抗原自我檢測套組,55,2022/05/13 17:52:32,無
5931102407,躍獅淡水長照藥局,新北市淡水區學府路７７號１樓,121.4484,25.17003,(02)26295603,羅氏家用新冠病毒抗原自我檢測套組,17,2022/05/13 17:52:32,無
5931102434,西雅圖聯合藥局,新北市淡水區新市一路３段１０１巷１６弄２０號１樓,121.4471,25.18403,(02)26200910,羅氏家用新冠病毒抗原自我檢測套組,5,2022/05/13 17:52:32,無
5931102452,池慶藥局,新北市淡水區中山北路２段５號１樓,121.4443,25.18344,(02)26238852,羅氏家用新冠病毒抗原自我檢測套組,2,2022/05/13 17:52:32,快篩販售14:50到16:00
5931102461,淡水藥局,新北市淡水區中山路１２７號（１、２樓）,121.4414,25.17107,(02)86313663,羅氏家用新冠病毒抗原自我檢測套組,6,2022/05/13 17:52:32,快篩實名制，每天16:00開始販售，售完為止。
5931102489,水源藥局,新北市淡水區水源街１段１３３號１樓,121.447,25.172,(02)26295233,羅氏家用新冠病毒抗原自我檢測套組,14,2022/05/13 17:52:32,快篩實名制，每天16:00開始販售，售完為止。
5931112645,健成藥局,新北市汐止區新興路２０號１樓,121.6564,25.06456,(02)26428989,羅氏家用新冠病毒抗原自我檢測套組,15,2022/05/13 17:52:32,無
5931120049,本平藥局,新北市瑞芳區瑞芳街４５號,121.8076,25.10913,(02)24972167,羅氏家用新冠病毒抗原自我檢測套組,2,2022/05/13 17:52:32,無
5931132307,廣昇健保藥師藥局,新北市土城區明德路１段５３號,121.4653,24.98476,(02)22638300,羅氏家用新冠病毒抗原自我檢測套組,26,2022/05/13 17:52:32,無
5931132343,誠安藥局,新北市土城區中央路４段３６號１樓,121.4207,24.96088,(02)22677737,羅氏家用新冠病毒抗原自我檢測套組,79,2022/05/13 17:52:32,快篩代售時段：平日晚上8點，售完為止
5931132538,宏奇藥局,新北市土城區延吉街１２６號１樓,121.4695,24.98586,(02)82619585,羅氏家用新冠病毒抗原自我檢測套組,3,2022/05/13 17:52:32,無
5931132601,吉城大藥局,新北市土城區學府路１段２０５號１樓,121.4518,24.98459,(02)22626870,羅氏家用新冠病毒抗原自我檢測套組,17,2022/05/13 17:52:32,★★★每天都有 現領不用等★★★
5931132816,大康藥局,新北市土城區學府路１段７２號２樓,121.4566,24.98829,(02)22738004,羅氏家用新冠病毒抗原自我檢測套組,13,2022/05/13 17:52:32,實名制快篩早上8點開始販售
5931132950,美康藥妝藥局,新北市土城區延吉街２５４號１樓,121.4664,24.98465,(02)22616868,羅氏家用新冠病毒抗原自我檢測套組,33,2022/05/13 17:52:32,實名制快篩前一天若有到貨，則隔日三點販售
5931133019,學府松藥局,新北市土城區學府路一段３８號１、２樓,121.458,24.98854,(02)82628665,羅氏家用新冠病毒抗原自我檢測套組,32,2022/05/13 17:52:32,實名制快篩:每日14:30-17:00販售（通常半小時完售），週日公休。
5931133206,樂利藥局,新北市土城區裕民路７７號１樓,121.4498,24.98751,(02)22630092,羅氏家用新冠病毒抗原自我檢測套組,29,2022/05/13 17:52:32,中午12:00發實名制快篩號碼牌並領取。
5931133331,城安大藥局,新北市土城區金城路３段４０號,121.4656,24.98639,(02)22646561,羅氏家用新冠病毒抗原自我檢測套組,85,2022/05/13 17:52:32,快篩代售時間晚上8:30
5931133340,大欣藥局,新北市土城區裕民路２５１號,121.4546,24.98305,(02)22653208,羅氏家用新冠病毒抗原自我檢測套組,14,2022/05/13 17:52:32,公費快篩販賣時段:下午2:00至售完為止
5931133500,菩提藥局,新北市土城區延和路１１４號１樓,121.4673,24.98988,(02)22624866,羅氏家用新冠病毒抗原自我檢測套組,25,2022/05/13 17:52:32,無
5931133546,宏林保健藥局,新北市土城區裕民路１３４號（１樓）,121.4515,24.98622,(02)82615919,羅氏家用新冠病毒抗原自我檢測套組,9,2022/05/13 17:52:32,無
5931133644,貓頭鷹藥妝藥局,新北市土城區中央路３段８８、９０號１樓,121.4361,24.96702,(02)22695659,羅氏家用新冠病毒抗原自我檢測套組,12,2022/05/13 17:52:32,快篩配送時間不一定，販賣時間依現場公告為主
5931133680,土城金城藥局,新北市土城區裕民路２８０號１、２樓,121.4554,24.982,(02)22631616,羅氏家用新冠病毒抗原自我檢測套組,27,2022/05/13 17:52:32,快篩實名制，每天16:00開始販售，售完為止。
5931141726,松展多利日式連鎖藥粧藥局,新北市蘆洲區民族路１６１號,121.4793,25.08817,(02)22882586,羅氏家用新冠病毒抗原自我檢測套組,11,2022/05/13 17:52:32,防疫物資每日下午02:00開始販售
5931142241,永恩健康藥局,新北市蘆洲區民族路４１４號１樓,121.4744,25.09164,(02)22880379,羅氏家用新冠病毒抗原自我檢測套組,2,2022/05/13 17:52:32,全天皆可以買口罩，隨時都可以買
5931142509,萊康連鎖藥局,新北市蘆洲區中正路１２６號１樓,121.4694,25.08493,(02)82867383,羅氏家用新冠病毒抗原自我檢測套組,7,2022/05/13 17:52:32,下午三點開賣!!如有異動!!以現場公告為主!!
5931143131,杏一蘆洲長安藥局,新北市蘆洲區長安街１２２號１樓,121.4606,25.08179,(02)82854278,羅氏家用新冠病毒抗原自我檢測套組,3,2022/05/13 17:52:32,快篩周一至周六下午兩點購買
5931143257,德康藥局,新北市蘆洲區長榮路１３２號１樓,121.4616,25.08454,(02)82851022,羅氏家用新冠病毒抗原自我檢測套組,1,2022/05/13 17:52:32,實名制快篩14:50發號碼牌 15:00開賣 限現場排隊 一人一卡
5931143328,全家藥粧藥局,新北市蘆洲區光華路４號１樓,121.4699,25.08364,(02)22811215,羅氏家用新冠病毒抗原自我檢測套組,2,2022/05/13 17:52:32,無
5931143337,喜得健藥局,新北市蘆洲區中興街５４號１樓,121.4817,25.0874,(02)22886419,羅氏家用新冠病毒抗原自我檢測套組,9,2022/05/13 17:52:32,實名制快篩: 16:00
5931171680,一家好藥局,新北市林口區中山路５００號,121.3794,25.08303,(02)26028270,羅氏家用新冠病毒抗原自我檢測套組,1,2022/05/13 17:52:32,晚上8點販賣，排隊時間請自行斟酌
5931171706,榮新藥局,新北市林口區忠孝路３８３號１樓,121.3695,25.0713,(02)26089789,羅氏家用新冠病毒抗原自我檢測套組,1,2022/05/13 17:52:32,快篩發放時間  14:50發放號碼牌下午15:00開賣（直至賣完）
5931171813,力行藥局,新北市林口區文化３路１段４２３、４２５號１、２樓,121.3653,25.07438,(02)26080711,羅氏家用新冠病毒抗原自我檢測套組,3,2022/05/13 17:52:32,快篩實名制，每天16:00開始販售，售完為止。
5931171831,沐霖藥局,新北市林口區文化三路２段２８６號１樓,121.3775,25.08304,(02)26032086,羅氏家用新冠病毒抗原自我檢測套組,27,2022/05/13 17:52:32,5／13 （五） 17:30 發放號碼牌
5931181104,介新大藥局,新北市深坑區文化街９４號,121.6172,25.002,(02)26648149,羅氏家用新冠病毒抗原自我檢測套組,5,2022/05/13 17:52:32,執業時段請電洽藥局
5931250042,信芳藥局,新北市雙溪區中華路５０號,121.866,25.03761,(02)24931301,羅氏家用新冠病毒抗原自我檢測套組,4,2022/05/13 17:52:32,無
5932011058,富仕康藥局,桃園市桃園區中華路１１８號地下１樓,121.3082,24.99023,(03)3391318,羅氏家用新冠病毒抗原自我檢測套組,27,2022/05/13 17:52:32,口罩販賣時段：週一至週日15:30起
5932011638,明光藥局,桃園市桃園區中山東路１１７之１號,121.317,24.9968,(03)3380427,羅氏家用新冠病毒抗原自我檢測套組,10,2022/05/13 17:52:32,口罩販賣時段：0900-1200--1400-1800
5932012457,禾安連鎖藥局,桃園市桃園區中山路２５４號,121.3067,24.99277,(03)3318966,羅氏家用新冠病毒抗原自我檢測套組,3,2022/05/13 17:52:32,快篩販售時間  每日 14:00~16:00  優先保留給醫護及警消人員
5932012671,美德藥師藥局,桃園市桃園區中正路２３０號,121.3104,24.99586,(03)3354160,羅氏家用新冠病毒抗原自我檢測套組,5,2022/05/13 17:52:32,快篩販售時間下午01:00開始
5932013392,桃園中正藥局,桃園市桃園區中正路３７３號,121.3079,24.99955,(03)3381600,羅氏家用新冠病毒抗原自我檢測套組,32,2022/05/13 17:52:32,快篩實名制，每天16:00開始販售，售完為止。
5932013650,金安藥局,桃園市桃園區南華街１４８號,121.3077,24.99269,(03)3398088,羅氏家用新冠病毒抗原自我檢測套組,4,2022/05/13 17:52:32,無
5932013721,桃園民光藥局,桃園市桃園區中正路５６９號,121.3049,25.0041,(03)3364888,羅氏家用新冠病毒抗原自我檢測套組,50,2022/05/13 17:52:32,快篩實名制，每天16:00開始販售，售完為止。
5932013874,經國藥局,桃園市桃園區經國路２００號,121.3054,25.01751,(03)3151959,羅氏家用新冠病毒抗原自我檢測套組,1,2022/05/13 17:52:32,快篩實名制於每周一至周六下午1點開始販售
5932013918,益壽藥局,桃園市桃園區中山路８２８、８３０、８３２、８３４、８３６號,121.2902,24.99093,(03)3693100,羅氏家用新冠病毒抗原自我檢測套組,1,2022/05/13 17:52:32,快篩實名制，每天16:00開始販售，售完為止。
5932013972,合祥藥局,桃園市桃園區國際路二段８號１樓,121.2886,24.99044,(03)3703010,羅氏家用新冠病毒抗原自我檢測套組,89,2022/05/13 17:52:32,無
5932014031,大廟藥局,桃園市桃園區中山路１５８號１樓,121.3091,24.99342,(03)3337006,羅氏家用新冠病毒抗原自我檢測套組,28,2022/05/13 17:52:32,無
5932014040,奇美大藥局,桃園市桃園區中正五街１８５號,121.3014,25.00513,(03)3587727,羅氏家用新冠病毒抗原自我檢測套組,6,2022/05/13 17:52:32,營業時間:9:00-22:00
5932014059,桃園南平藥局,桃園市桃園區南平路３０２－１號１樓,121.2989,25.01855,(03)3165222,羅氏家用新冠病毒抗原自我檢測套組,12,2022/05/13 17:52:32,快篩實名制，每天16:00開始販售，售完為止。
5932014102,小飛象藥局,桃園市桃園區慈文路１９２號,121.3041,25.00907,(03)3552771,羅氏家用新冠病毒抗原自我檢測套組,63,2022/05/13 17:52:32,5／13隨到隨買至售罄，再打來問就掛電話。不發號碼牌。即起調劑確診者視訊處方，請自保。
5932014111,鴻發藥師藥局,桃園市桃園區大有路５４３號,121.3171,25.0149,(03)3582468,羅氏家用新冠病毒抗原自我檢測套組,78,2022/05/13 17:52:32,實聯快篩:早上09:30發放號碼牌，限當日下午2~4點憑牌購買，逾時不候請見諒
5932014273,藝文藥局,桃園市桃園區大興西路１段１６５號,121.3049,25.01414,(03)3261789,羅氏家用新冠病毒抗原自我檢測套組,7,2022/05/13 17:52:32,快篩實名制，每天16:00開始販售，售完為止。
5932014371,杏一桃園敏盛藥局,桃園市桃園區經國路１１８號,121.3065,25.01545,(03)3254973,羅氏家用新冠病毒抗原自我檢測套組,9,2022/05/13 17:52:32,快篩實名制販售時間請依門市公告。  藥師諮詢服務時間平日10:00-19:00。
5932014399,澄心藥局,桃園市桃園區桃鶯路３０５號１樓,121.3193,24.98265,(03)3771468,羅氏家用新冠病毒抗原自我檢測套組,5,2022/05/13 17:52:32,營業時間:8:00-22:00
5932014460,桃鶯藥局,桃園市桃園區桃鶯路１０２號,121.318,24.98516,(03)3675100,羅氏家用新冠病毒抗原自我檢測套組,2,2022/05/13 17:52:32,快篩實名制，每天16:00開始販售，售完為止。
5932018593,品一藥局,桃園市桃園區建新街７６號,121.3118,24.98261,(03)3638510,羅氏家用新冠病毒抗原自我檢測套組,2,2022/05/13 17:52:32,快篩販賣時間：週一至週五早上9：30；週六下午1：00（星期天休息），會發號碼牌（今天已發完）
5932019045,大一藥局,桃園市桃園區中山路684之一號一樓,121.2946,24.9912,(03)2171836,羅氏家用新冠病毒抗原自我檢測套組,11,2022/05/13 17:52:32,快篩試劑每日下午3點半發號碼牌，4點開賣。星期日停售。
5932019116,慈安藥局,桃園市桃園區永安路３８３號,121.299,25.00086,(03)3369599,羅氏家用新冠病毒抗原自我檢測套組,13,2022/05/13 17:52:32,快篩販賣時段：8:30~10:30，過時後，另78份係隔日販賣的量.
5932019929,元氣藥局,桃園市桃園區民光東路一Ｏ九號,121.3183,25.0079,(03)3332201,羅氏家用新冠病毒抗原自我檢測套組,78,2022/05/13 17:52:32,現場排隊喔!，快篩試劑銷售時間:星期一三四六15:30，星期二五19:00，星期日無，12:00~15:00；18:00~18:30為休息時間
5932021269,優良藥局,桃園市中壢區長春路２０號,121.2499,24.97907,(03)4612336,羅氏家用新冠病毒抗原自我檢測套組,1,2022/05/13 17:52:32,快篩販售時間10:00
5932023183,佳華藥局,桃園市中壢區六和路４６號,121.2244,24.96452,(03)2753018,羅氏家用新冠病毒抗原自我檢測套組,10,2022/05/13 17:52:32,快篩銷售時間:星期一二三五下午2:00，星期四六早上8:00，售完為止
5932023647,樂謙藥師藥局,桃園市中壢區龍東路１３４號,121.2522,24.92929,(03)4662775,羅氏家用新冠病毒抗原自我檢測套組,79,2022/05/13 17:52:32,實名快篩每日下午2點、晚上6點 各發39份
5932023843,晴一藥局,桃園市中壢區民族路五段２５８號１樓,121.1714,24.95865,(03)4909427,羅氏家用新冠病毒抗原自我檢測套組,19,2022/05/13 17:52:32,實名制快篩詳情請看本藥局臉書粉專，若有到貨公佈於臉書，17:30開始販設實名制快篩，請直接排隊購買
5932023889,華勛藥局,桃園市中壢區華勛街１１２、１１４號,121.2597,24.95065,(03)4161881,羅氏家用新冠病毒抗原自我檢測套組,5,2022/05/13 17:52:32,快篩實名制，每天16:00開始販售，售完為止。
5932023923,朝日藥局,桃園市中壢區新生路１２９號,121.2227,24.96044,(03)2805882,羅氏家用新冠病毒抗原自我檢測套組,3,2022/05/13 17:52:32,實名快篩:週一至周日下午3點發號碼牌，下午3點30分發放試劑
5932023996,青瑭藥局,桃園市中壢區民權路４段２７７號１樓,121.2022,25.00625,(03)2875901,羅氏家用新冠病毒抗原自我檢測套組,2,2022/05/13 17:52:32,無
5932024108,佳愷藥局,桃園市中壢區中北路４７號,121.2368,24.95614,(03)4664735,羅氏家用新冠病毒抗原自我檢測套組,51,2022/05/13 17:52:32,視配貨狀況禮拜三、禮拜五、禮拜六早上9點至11點販售。若未到貨則無法開賣
5932024279,中壢環東藥局,桃園市中壢區中山東路２段１９３號,121.2404,24.95171,(03)4562345,羅氏家用新冠病毒抗原自我檢測套組,10,2022/05/13 17:52:32,快篩實名制，每天16:00開始販售，售完為止。
5932025007,劉藥局,桃園市中壢區中平路１６９號,121.222,24.95587,(03)4223338,羅氏家用新冠病毒抗原自我檢測套組,2,2022/05/13 17:52:32,因每日快篩配貨時間不定，收到立即開賣。可加入藥局Line獲取資訊，敬請見諒!
593202A833,君安藥局,桃園市中壢區中北路二段３９０號,121.2318,24.95388,(03)4685484,羅氏家用新冠病毒抗原自我檢測套組,68,2022/05/13 17:52:32,快篩販售時間，週一至週五晚上6:30，週六週日早上8:30點，視現場狀況，提前發號碼牌，發完隨即販售，過號視同放棄
593202A931,佳佑藥局,桃園市中壢區環中東路二四一號,121.2573,24.96345,(03)4356190,羅氏家用新冠病毒抗原自我檢測套組,4,2022/05/13 17:52:32,口罩販賣時段：09:00以後發號碼牌，售完為止
593202B447,榮善堂藥局,桃園市中壢區前龍街九號,121.2535,24.9298,(03)4564946,羅氏家用新冠病毒抗原自我檢測套組,39,2022/05/13 17:52:32,全台第一自助快篩領取系統，快篩販賣星期一至四：晚上七點。星期五至六：下午四點。星期天：早上八點
5932043130,宜康美藥局,桃園市楊梅區環東路４５２號,121.1571,24.91005,(03)4883805,羅氏家用新冠病毒抗原自我檢測套組,20,2022/05/13 17:52:32,快篩販賣時段：早上09:30~10:30（20份）下午15:30~16:30（38份）晚上19:30~20:30（20份）
5932043381,楊梅丁丁藥局,桃園市楊梅區中山北路２段２２７號,121.1729,24.90958,(03)4815486,羅氏家用新冠病毒抗原自我檢測套組,1,2022/05/13 17:52:32,依照配送時間預計下午.發放號碼牌時間.請加LINE社群關注
5932052737,知博藥師藥局,桃園市蘆竹區營盤里中山路１６０號,121.2977,25.05702,(03)2221886,羅氏家用新冠病毒抗原自我檢測套組,35,2022/05/13 17:52:32,快篩販賣時段：暫定週一至週五16:00-17:00 週六.日不發放.以現場公告時間為主
5932052755,大葉藥局,桃園市蘆竹區中山路１３２號１樓,121.2978,25.05699,(03)3125347,羅氏家用新冠病毒抗原自我檢測套組,6,2022/05/13 17:52:32,口罩販賣時段：以現場公告為主
5932052808,柏霖藥局,桃園市蘆竹區中正路３５９號２樓,121.291,25.04902,(03)2120284,羅氏家用新冠病毒抗原自我檢測套組,145,2022/05/13 17:52:32,快篩試劑販賣時間:18:00開始.售完為止
5932052835,悅兒藥局,桃園市蘆竹區忠孝西路１８６號,121.2892,25.04011,(03)3126967,羅氏家用新冠病毒抗原自我檢測套組,21,2022/05/13 17:52:32,快篩販賣時段：週一到週日 14:30 開賣
5932052933,天康南崁藥局,桃園市蘆竹區南崁路２４５號,121.2933,25.04894,(03)2122569,羅氏家用新冠病毒抗原自我檢測套組,7,2022/05/13 17:52:32,快篩販賣：週一~日14:00開賣通常30分鐘就售完不用再打電話問
5932053065,民生藥局,桃園市蘆竹區南昌路４５號,121.2876,25.04245,(03)3216784,羅氏家用新冠病毒抗原自我檢測套組,22,2022/05/13 17:52:32,快篩開賣時間:星期一到五16點賣58份 （18:30賣20份）.   星期六10:30.   星期日休息.
5932071009,德佑藥局,桃園市龜山區大崗里新興街２９３號,121.3558,25.04531,(03)3283556,羅氏家用新冠病毒抗原自我檢測套組,4,2022/05/13 17:52:32,快篩試劑販賣時段為每日晚上07:30開始（星期日暫停販售）
5932076255,安得福藥局,桃園市龜山區萬壽路一段２８１號,121.4035,25.01723,(02)82001467,羅氏家用新冠病毒抗原自我檢測套組,9,2022/05/13 17:52:32,口罩販賣時段：13：00開始發號碼牌排隊領取過號重排
5932076791,誠安生活藥局,桃園市龜山區文化七路７９之２號,121.3635,25.05166,(03)3271997,羅氏家用新冠病毒抗原自我檢測套組,189,2022/05/13 17:52:32,即日起停止販售快篩
5932076844,帕米爾藥局,桃園市龜山區萬壽路二段９９１號,121.3369,24.99464,(03)3295522,羅氏家用新冠病毒抗原自我檢測套組,25,2022/05/13 17:52:32,星期一~六家用快篩試劑販賣時段：19:00~20:30。不發號碼牌，請直接排隊購買。
5932076862,和信藥局,桃園市龜山區南祥路５８號１樓,121.2979,25.04629,(03)2124028,羅氏家用新冠病毒抗原自我檢測套組,4,2022/05/13 17:52:32,快篩販賣時段：每日中午12點，5／8（日）母親節公休一日。
5932077298,家和藥局,桃園市龜山區建國東路９７號,121.3252,24.98754,(03)3196416,羅氏家用新冠病毒抗原自我檢測套組,2,2022/05/13 17:52:32,快篩販賣時段：週一至週日15:00-17:00
5932077565,文新藥局,桃園市龜山區文化二路７１－１號１樓,121.3682,25.05596,(03)3978659,羅氏家用新冠病毒抗原自我檢測套組,5,2022/05/13 17:52:32,實名制快篩於14：50發放號碼牌，售完為止。
5932080035,慶昇藥局,桃園市八德區桃鶯路一Ｏ二號,121.3279,24.97006,(03)3648037,羅氏家用新冠病毒抗原自我檢測套組,2,2022/05/13 17:52:32,口罩販賣時段：9:00~12:00
5932080455,日鴻藥局,桃園市八德區義勇街１７５號,121.3065,24.96335,(03)3763304,羅氏家用新冠病毒抗原自我檢測套組,5,2022/05/13 17:52:32,口罩販賣時段：早上9:00 發號碼牌下午4:00~6:00領取
5932083509,上方藥局,桃園市八德區廣褔路一八八號,121.279,24.96204,(03)3635902,羅氏家用新冠病毒抗原自我檢測套組,1,2022/05/13 17:52:32,販賣快篩:於午間12:30~13:00發號碼牌，開賣時間下午3:00~4:30，賣完為止
5932083670,保健藥局,桃園市八德區介壽路一段８３３號２樓,121.3,24.96168,(03)3669486,羅氏家用新冠病毒抗原自我檢測套組,54,2022/05/13 17:52:32,無
5932083974,晨鴻藥師藥局,桃園市八德區桃鶯路７號１樓,121.3265,24.97179,(03)3764299,羅氏家用新冠病毒抗原自我檢測套組,47,2022/05/13 17:52:32,快篩為早上8:30跟晚上6:00領取號碼牌，星期六早上一次發78份，快篩地圖數量參考就好，請勿再打電話詢問 謝謝
5932084793,美康健保藥局,桃園市八德區桃鶯路９１號１、２樓,121.328,24.97036,(03)3613624,羅氏家用新冠病毒抗原自我檢測套組,5,2022/05/13 17:52:32,無
5932084828,阿爾富山藥局,桃園市八德區桃鶯路４號１樓,121.3261,24.97167,(03)3763350,羅氏家用新冠病毒抗原自我檢測套組,75,2022/05/13 17:52:32,本藥局實名制快篩於每日晚間7點以實際到貨數量發放，唯保留可視現場排隊人數額滿情況.酌情提前發號碼牌並受理購買!
5932084864,阿寶藥局,桃園市八德區東勇一路６號,121.3064,24.96452,(03)3750060,羅氏家用新冠病毒抗原自我檢測套組,46,2022/05/13 17:52:32,實名制快篩詳細公告請參閱阿寶藥局官方臉書
5932099383,龍星藥局,桃園市龍潭區中正路二八四號二樓,121.2175,24.86201,(03)4707390,羅氏家用新冠病毒抗原自我檢測套組,4,2022/05/13 17:52:32,下午4點 販賣快篩  六.日早上9點
5933031652,合康藥局,新竹縣竹東鎮興農街１１號,121.0861,24.73988,(03)5103818,羅氏家用新冠病毒抗原自我檢測套組,11,2022/05/13 17:52:32,實名制快篩以取號碼牌方式領取，號碼排發放時間為每日17:00發完即完售，取牌後快篩領取時間為：17:00~19:00
5933053041,中一藥局,新竹縣竹北市文興路一段２４２號１樓,121.0287,24.81018,(03)6670827,羅氏家用新冠病毒抗原自我檢測套組,2,2022/05/13 17:52:32,更新:快篩販售時間下午16:00
5933061767,合康藥局湖口,新竹縣湖口鄉民族街１２６號,121.0456,24.90316,(03)6992365,羅氏家用新冠病毒抗原自我檢測套組,11,2022/05/13 17:52:32,星期一~日 16:30發放號碼牌，17:00~19:00領取完畢（無領取到號碼牌則無法購買快篩）
5934020224,源生藥局,宜蘭縣羅東鎮忠孝路８９號,121.7652,24.67759,(03)9563476,羅氏家用新冠病毒抗原自我檢測套組,73,2022/05/13 17:52:32,執業時段請電洽藥局
5935011738,佳禾藥局,苗栗縣苗栗市青苗里建台街7號,120.821,24.55742,(037)373041,羅氏家用新冠病毒抗原自我檢測套組,6,2022/05/13 17:52:32,快篩試劑7：30發號碼牌8：00開始販賣，販賣時段：營業時間至售完為止
5935091245,芳鄰藥局,苗栗縣公館鄉玉泉村玉泉３６８之１１號,120.8267,24.50749,(037)223727,羅氏家用新冠病毒抗原自我檢測套組,1,2022/05/13 17:52:32,口罩販賣時段：13:00~售完
5936190676,中美藥師藥局,臺中市太平區中山路３段８５號,120.7173,24.14861,(04)22778238,羅氏家用新冠病毒抗原自我檢測套組,4,2022/05/13 17:52:32,無
5936190710,東亞藥師大藥局,臺中市太平區中興路６６號,120.7167,24.12806,(04)22787987,羅氏家用新冠病毒抗原自我檢測套組,1,2022/05/13 17:52:32,每日早上9:00先領號碼牌下午2:00~10:00領快篩試劑
5936191913,興明健保藥局,臺中市太平區樹德路９７－６號,120.7113,24.15324,(04)23955521,羅氏家用新冠病毒抗原自我檢測套組,16,2022/05/13 17:52:32,週一至週六下午2:30開始販售實名制快篩劑.週日早上10:00至12:00販售
5936192018,和康藥局,臺中市太平區樹孝路４６２號,120.7203,24.15716,(04)23917355,羅氏家用新冠病毒抗原自我檢測套組,78,2022/05/13 17:52:32,實名制快篩販售星期一至六 發號碼牌 晚上七點開始銷售售完為止!
5936192134,樹德大藥局,臺中市太平區樹德路１０２號１樓,120.7115,24.15386,(04)23981782,羅氏家用新冠病毒抗原自我檢測套組,20,2022/05/13 17:52:32,下午3點開始領號碼牌，分流領取，請勿依賴網站庫存
5936192198,德侑健保藥局,臺中市太平區中山路４段８６之１號,120.7108,24.1496,(04)23959617,羅氏家用新冠病毒抗原自我檢測套組,11,2022/05/13 17:52:32,每日下午三點開始，領取實名制快篩
593620B138,聯生中西健保藥局,臺中市大里區現岱路１５８巷１１號,120.6919,24.10295,(04)24834058,羅氏家用新冠病毒抗原自我檢測套組,9,2022/05/13 17:52:32,早上八點半領號碼牌下午四點到六點領口罩W6W日早七點
5937010140,三立大藥局,彰化縣彰化市中華西路１１１號,120.5321,24.07338,(04)7635422,羅氏家用新冠病毒抗原自我檢測套組,2,2022/05/13 17:52:32,周一至週日下午四點半開始排隊　並依續販售　售完截止..
5937010426,正忠藥局,彰化縣彰化市福安里福鎮街１６號,120.5427,24.07324,(04)7244669,羅氏家用新冠病毒抗原自我檢測套組,9,2022/05/13 17:52:32,周一~周六下午2:00~9:00販售快篩，售完為止.
5937012877,振安藥局,彰化縣彰化市民生里永安街７３號,120.5453,24.08422,(04)7261277,羅氏家用新冠病毒抗原自我檢測套組,78,2022/05/13 17:52:32,實名制快篩試劑，每天下午6點開始販售，售完為止。
5937013347,康禾藥局,彰化縣彰化市崙平里建和街５２號,120.5322,24.07063,(04)7624077,羅氏家用新冠病毒抗原自我檢測套組,5,2022/05/13 17:52:32,固定周一至周五下午一點發放快篩試劑，售完為止
5937013365,正光藥局民族店,彰化縣彰化市彰安里民族路２１１號,120.5389,24.07076,(04)7234876,羅氏家用新冠病毒抗原自我檢測套組,4,2022/05/13 17:52:32,每天下午1點30分開始\現場發號碼牌依序販售快篩試劑
5937013418,曉陽藥局,彰化縣彰化市西安里曉陽路２０２號,120.5373,24.07311,(04)7270989,羅氏家用新冠病毒抗原自我檢測套組,13,2022/05/13 17:52:32,現場排隊，請自備零錢。週一至週五早上9：30，週六下午3：30 ，售完為止（休息：中午12：00-15：30，18：00-19：30 ）
5937013678,佑全彰化民族藥局,彰化縣彰化市民族路４５０號１樓,120.5404,24.07605,(04)7286549,羅氏家用新冠病毒抗原自我檢測套組,8,2022/05/13 17:52:32,處方領藥來佑全，快篩試劑販售時間:下午兩點
5937013730,佳漾藥局,彰化縣彰化市延平路５８８號１樓,120.5374,24.06301,(04)7135518,羅氏家用新冠病毒抗原自我檢測套組,17,2022/05/13 17:52:32,實名制快篩販售時間為下午5點-售完為止，週六，週日及國定假日藥局休息．
5937013749,中央啄木鳥藥局,彰化縣彰化市中央路２０６號,120.5285,24.06637,(04)7639581,羅氏家用新冠病毒抗原自我檢測套組,2,2022/05/13 17:52:32,13:30開始販售，若未收到配送，則以收到時間開始
5937013767,民族藥局,彰化縣彰化市民族路２１２號１樓,120.5393,24.071,(04)7261221,羅氏家用新冠病毒抗原自我檢測套組,24,2022/05/13 17:52:32,快篩實名制，每天16:00開始販售，售完為止。
5937041421,惠生大藥局,彰化縣北斗鎮西德里中華路２９１號,120.521,23.87288,(04)8874041,羅氏家用新冠病毒抗原自我檢測套組,15,2022/05/13 17:52:32,販售時間 : 週一 ~ 週日，每日下午1:50~2點後至販售完畢
5937050135,信昇藥局,彰化縣員林市大同路二段１８２－１號,120.575,23.96908,(04)8358827,羅氏家用新冠病毒抗原自我檢測套組,2,2022/05/13 17:52:32,快篩試劑販售時間-每日下午2點半開始.售完為止
5937050313,東禾藥局,彰化縣員林市仁美里和平東街６２－１號,120.5754,23.9623,(04)8350030,羅氏家用新冠病毒抗原自我檢測套組,3,2022/05/13 17:52:32,每天早上八點半開始販售，售完為止
5937051703,員林健康藥局,彰化縣員林市中正路２２４號１樓,120.5747,23.95417,(04)8396798,羅氏家用新冠病毒抗原自我檢測套組,5,2022/05/13 17:52:32,10月11日雙十連假有營業
5937051794,愛康生活保健中西藥局,彰化縣員林市靜修東路３４號,120.5753,23.96302,(04)8328826,羅氏家用新冠病毒抗原自我檢測套組,13,2022/05/13 17:52:32,星期一到星期日~下午2:30開始販售政府快篩，售完為止。（全年無休）
5937051981,康美藥局,彰化縣員林市南平里南平街２６號,120.5646,23.96301,(04)8395172,羅氏家用新冠病毒抗原自我檢測套組,6,2022/05/13 17:52:32,無
5937052059,華衛藥局,彰化縣員林市惠來里南昌路９６號,120.5719,23.95464,(04)8397503,羅氏家用新冠病毒抗原自我檢測套組,2,2022/05/13 17:52:32,無
5937052255,淑德藥局,彰化縣員林市仁美里中山路２段１１０、１１２號,120.5713,23.96388,(04)8359155,羅氏家用新冠病毒抗原自我檢測套組,26,2022/05/13 17:52:32,周日沒營業。
5937052264,醫聯藥師藥局,彰化縣員林市三條里員東路二段４１０號１樓,120.5811,23.95898,(04)8360617,羅氏家用新冠病毒抗原自我檢測套組,7,2022/05/13 17:52:32,無
5937052273,員林鼎澄藥局,彰化縣員林市仁愛里三民東街２５２號,120.58,23.95997,(04)8330918,羅氏家用新冠病毒抗原自我檢測套組,8,2022/05/13 17:52:32,實名制快篩，星期一-六每日下午2點開始依現場排隊販售
5937052317,員郭藥局,彰化縣員林市三民街３８－１號,120.573,23.95862,(04)8356201,羅氏家用新冠病毒抗原自我檢測套組,22,2022/05/13 17:52:32,無
5937052479,莒光藥局,彰化縣員林市莒光路３１６號１樓,120.5669,23.95942,(04)8361388,羅氏家用新冠病毒抗原自我檢測套組,23,2022/05/13 17:52:32,快篩實名制，每天16:00開始販售，售完為止。
5937052488,大樹員林藥局,彰化縣員林市大同路二段２０７號,120.5745,23.96891,(04)8331353,羅氏家用新冠病毒抗原自我檢測套組,6,2022/05/13 17:52:32,快篩實名制，每天16:00開始販售，售完為止。
5937052497,家家藥局,彰化縣員林市惠來街８７號,120.5704,23.95526,(04)8367007,羅氏家用新冠病毒抗原自我檢測套組,1,2022/05/13 17:52:32,無
5937052513,正光藥局員林店,彰化縣員林市三民東街３１０、３１２號,120.5814,23.96036,(04)8328765,羅氏家用新冠病毒抗原自我檢測套組,3,2022/05/13 17:52:32,實名制快篩下午13:30開始販售
5937061674,溪湖華恩保健藥局,彰化縣溪湖鎮青雅路３９號,120.483,23.96594,(04)8817575,羅氏家用新冠病毒抗原自我檢測套組,5,2022/05/13 17:52:32,實名制快篩，平日下午3:00及周六早上9:00販售。
5937070164,安鑠藥局,彰化縣田中鎮中潭里和平路７６０號,120.5879,23.8685,(04)8748728,羅氏家用新冠病毒抗原自我檢測套組,7,2022/05/13 17:52:32,每日早上9點至11點發放號碼牌並開始販售貨（全年無休）
5937081596,二林藥局,彰化縣二林鎮斗苑路五段３９號,120.3709,23.89951,(04)8950010,羅氏家用新冠病毒抗原自我檢測套組,1,2022/05/13 17:52:32,快篩實名制，每天16:00開始販售，售完為止。
5937121317,彰水藥局,彰化縣秀水鄉彰水路二段４２５、４２７、４２９號１樓,120.4943,24.02791,(04)7685880,羅氏家用新冠病毒抗原自我檢測套組,20,2022/05/13 17:52:32,快篩實名制，每天16:00開始販售，售完為止。
5937170034,淑惠藥局,彰化縣埔心鄉亙北村員鹿路一段２４４號,120.5574,23.95515,(04)8297798,羅氏家用新冠病毒抗原自我檢測套組,17,2022/05/13 17:52:32,星期一~星期六16:00-18:00（2小時販售快篩試劑），星期日：休
5937181279,佳恩藥局,彰化縣永靖鄉永西村瑚璉路３０２號,120.547,23.92421,(04)8235753,羅氏家用新冠病毒抗原自我檢測套組,15,2022/05/13 17:52:32,快篩實名制 :電話預約制，當日早上9點開始預約（已額滿）
5937181304,永靖藥局,彰化縣永靖鄉瑚璉路１１６號,120.5505,23.92624,(04)8230220,羅氏家用新冠病毒抗原自我檢測套組,1,2022/05/13 17:52:32,快篩實名制，每天16:00開始販售，售完為止。
5938022126,埔里能安藥局,南投縣埔里鎮西安路一段６６號,120.9656,23.96519,(049)2986578,羅氏家用新冠病毒抗原自我檢測套組,38,2022/05/13 17:52:32,無
5938040044,仁山藥局,南投縣竹山鎮昭德街２３號,120.6862,23.75827,(049)2657720,羅氏家用新冠病毒抗原自我檢測套組,11,2022/05/13 17:52:32,口罩代售時間週一~週六自上午08:30-21:00，售完為止；
5938040295,氏林藥局,南投縣竹山鎮中山里雲林路７３號,120.6818,23.75463,(049)2645829,羅氏家用新冠病毒抗原自我檢測套組,8,2022/05/13 17:52:32,早上8:30開始營業，營業時間皆有販售.售完為止，周日公休
5938041569,竹山福倫藥局,南投縣竹山鎮竹山里集山路三段858號,120.6857,23.75881,(049)2658518,羅氏家用新冠病毒抗原自我檢測套組,14,2022/05/13 17:52:32,下午1點現場排隊販售
5938041729,早安藥局,南投縣竹山鎮雲林路４１號,120.6834,23.75608,(049)2651032,羅氏家用新冠病毒抗原自我檢測套組,11,2022/05/13 17:52:32,實名制快篩試劑早上10點開始販售
5938041809,維淇藥師藥局,南投縣竹山鎮集山路三段８１６－１號,120.6863,23.75949,(049)2653689,羅氏家用新冠病毒抗原自我檢測套組,2,2022/05/13 17:52:32,早上8：30~晚上21：00，星期六下午晚上及星期日休息
5938041845,博愛藥局,南投縣竹山鎮雲林路３５號,120.6836,23.75612,(049)2642748,羅氏家用新冠病毒抗原自我檢測套組,15,2022/05/13 17:52:32,0830AM開始販售，售完為止
5938041916,大明藥局,南投縣竹山鎮大明路４８２號,120.6798,23.759,(049)2652500,羅氏家用新冠病毒抗原自我檢測套組,44,2022/05/13 17:52:32,快篩實名制，每天16:00開始販售，售完為止。
5938041925,耀聖藥局,南投縣竹山鎮集山路三段８１６之５號,120.6862,23.7596,(049)2652267,羅氏家用新冠病毒抗原自我檢測套組,2,2022/05/13 17:52:32,10點開始販售快篩，售完為止
5939010399,東京大藥局,雲林縣斗六市文化路７９號,120.5486,23.71107,(05)5348073,羅氏家用新冠病毒抗原自我檢測套組,5,2022/05/13 17:52:32,快篩試劑每天下午4點販賣（售完為止）
5939010504,桂賓藥局,雲林縣斗六市信義里鎮北路３號,120.5432,23.71143,(05)5332138,羅氏家用新冠病毒抗原自我檢測套組,331,2022/05/13 17:52:32,週五下午開始販售
5939011832,汶藥局,雲林縣斗六市大同路１０３號２樓,120.5451,23.70965,(05)5344728,羅氏家用新冠病毒抗原自我檢測套組,7,2022/05/13 17:52:32,快篩實名制: 每天早上80:00開賣，售完為止。三、五下午，六晚上，日全天，以上時間休診。
5939012188,上海啄木鳥藥局,雲林縣斗六市上海路２３４號,120.5417,23.71444,(05)5374296,羅氏家用新冠病毒抗原自我檢測套組,11,2022/05/13 17:52:32,5／13（五）實名制快篩販售時間下午4:00
5939012400,陽光藥局,雲林縣斗六市永安路６９號,120.548,23.70923,(05)5362097,羅氏家用新冠病毒抗原自我檢測套組,44,2022/05/13 17:52:32,快篩販售16:00~17:00，19:30~20:30（至少預留20份）~現場排隊，請勿電話詢問
5939012526,世明中西藥局,雲林縣斗六市文化路３２４－１號,120.5532,23.71162,(05)5333109,羅氏家用新冠病毒抗原自我檢測套組,5,2022/05/13 17:52:32,口罩販售:於周一到周日營業時間9:00~售完為止，快篩試劑販售:於周一到周六營業時間14:00開賣~售完為止
5939012615,佑全斗六慶生藥局,雲林縣斗六市慶生路２６號,120.5402,23.71281,(05)5372736,羅氏家用新冠病毒抗原自我檢測套組,9,2022/05/13 17:52:32,快篩實名制，下午兩點販售。
5939020082,惠生大藥局,雲林縣斗南鎮中天里文元街５０號,120.4776,23.67544,(05)5972478,羅氏家用新冠病毒抗原自我檢測套組,4,2022/05/13 17:52:32,每天下午2點開始販售，售完為止。
5939020091,全安藥局,雲林縣斗南鎮中天里中正路１２３號,120.4783,23.67655,(05)5965255,羅氏家用新冠病毒抗原自我檢測套組,21,2022/05/13 17:52:32,10點開始販售快篩 售完為止
5939021294,玲津藥局,雲林縣斗南鎮中山路１７之２號,120.4801,23.67372,(05)5972889,羅氏家用新冠病毒抗原自我檢測套組,13,2022/05/13 17:52:32,周一至周六.上午8-12 14:30-18 週日9-11
5939021463,安瑞藥局,雲林縣斗南鎮新興街９４號,120.48,23.67483,(05)5972099,羅氏家用新冠病毒抗原自我檢測套組,40,2022/05/13 17:52:32,因物流配送時間不一定，原則上9:00販售
5939021490,庚辛藥局,雲林縣斗南鎮中正路１３９－１號,120.478,23.67642,(05)5953776,羅氏家用新冠病毒抗原自我檢測套組,20,2022/05/13 17:52:32,因為配送時間不一定，以當日配送到店時間安排販售時段。
5939021614,斗南藥局,雲林縣斗南鎮南昌路１１２號,120.4791,23.67321,(05)5960102,羅氏家用新冠病毒抗原自我檢測套組,42,2022/05/13 17:52:32,無
5939021623,沈藥局,雲林縣斗南鎮中正路１７６號,120.4781,23.67661,(05)5972748,羅氏家用新冠病毒抗原自我檢測套組,40,2022/05/13 17:52:32,販售 實名制快篩
5939031576,良方藥局,雲林縣虎尾鎮中山路５７號,120.4344,23.70764,(05)6312106,羅氏家用新冠病毒抗原自我檢測套組,5,2022/05/13 17:52:32,上午8點開賣-售完為止.採現場排隊!!另週日休息
5939031585,利芳藥局,雲林縣虎尾鎮光復路３１０號,120.4385,23.71011,(05)6311016,羅氏家用新冠病毒抗原自我檢測套組,1,2022/05/13 17:52:32,販賣口罩時間:0830-賣完為止
5939031763,皇安藥局,雲林縣虎尾鎮光復路３５２號,120.4373,23.71023,(05)6333291,羅氏家用新冠病毒抗原自我檢測套組,15,2022/05/13 17:52:32,5／12（四）起，早上8:00開始販售，售完為止
5939032420,虎尾台丞藥局,雲林縣虎尾鎮林森路一段３４６號,120.4364,23.7122,(05)6325698,羅氏家用新冠病毒抗原自我檢測套組,14,2022/05/13 17:52:32,（如果前一天有到貨）快篩開賣時間:星期一至五早上08:15-11:30；星期六下午14:15-17:00，皆現場排隊購買
5939032555,福瑞藥局,雲林縣虎尾鎮仁愛路９０號,120.4343,23.70917,(05)6365190,羅氏家用新冠病毒抗原自我檢測套組,1,2022/05/13 17:52:32,固定周一至周六09:00開始排隊領口罩發完為止，自4／1起周六、周日有發放口罩
5939032644,康是美虎尾藥局,雲林縣虎尾鎮中正路２５８．２５８－１號,120.4306,23.70567,(05)6328411,羅氏家用新冠病毒抗原自我檢測套組,47,2022/05/13 17:52:32,實名制快篩試劑每日下午5點開始販售
5939040164,一元藥局,雲林縣西螺鎮福興路１７５號,120.4605,23.80032,(05)5879987,羅氏家用新冠病毒抗原自我檢測套組,45,2022/05/13 17:52:32,販賣快篩試劑時間14:00~售完為止
5939040253,福安藥局,雲林縣西螺鎮福田里社口路８３號,120.4396,23.78882,(05)5871281,羅氏家用新冠病毒抗原自我檢測套組,5,2022/05/13 17:52:32,無
5939041465,仁祥藥局,雲林縣西螺鎮中和里中山路４６號,120.4628,23.80013,(05)5882111,羅氏家用新冠病毒抗原自我檢測套組,2,2022/05/13 17:52:32,口罩販售時間自早上8點起至售完為止
5939041849,西螺藥局,雲林縣西螺鎮光復西路１２３、１２５號,120.4612,23.79675,(05)5872112,羅氏家用新冠病毒抗原自我檢測套組,46,2022/05/13 17:52:32,快篩實名制，每天16:00開始販售，售完為止。
5939041901,佑全西螺建興藥局,雲林縣西螺鎮建興路２４９號,120.4593,23.80042,(05)5883161,羅氏家用新冠病毒抗原自我檢測套組,6,2022/05/13 17:52:32,無
5939041910,西螺啄木鳥藥局,雲林縣西螺鎮中山路２４９號,120.4558,23.7993,(05)5875195,羅氏家用新冠病毒抗原自我檢測套組,9,2022/05/13 17:52:32,5／3起，每日11:00開始販售實名制快篩，快篩以當日收貨數量為準
5939041947,林森育安藥局,雲林縣西螺鎮中正路１６０號,120.4603,23.79864,(05)5878769,羅氏家用新冠病毒抗原自我檢測套組,18,2022/05/13 17:52:32,無
5939051185,土庫台丞藥局,雲林縣土庫鎮中正路１１２號,120.3901,23.67548,(05)6626677,羅氏家用新冠病毒抗原自我檢測套組,13,2022/05/13 17:52:32,實名制快篩販售時間下午14:30 ~售完為止
5939051229,祥安藥局,雲林縣土庫鎮東平里馬光路３８－１號,120.357,23.70561,(05)6656610,羅氏家用新冠病毒抗原自我檢測套組,2,2022/05/13 17:52:32,販售以營業時間，早上8:30開始販售（售完為止）因進貨系統問題實際數量請扣（78份）
5939051238,天愛藥局,雲林縣土庫鎮中山路８０號,120.3903,23.6749,(05)6629923,羅氏家用新冠病毒抗原自我檢測套組,74,2022/05/13 17:52:32,無
5939060111,慶輝藥局,雲林縣北港鎮華勝里大同路２３２號,120.3012,23.57199,(05)7835078,羅氏家用新冠病毒抗原自我檢測套組,25,2022/05/13 17:52:32,依健保卡購買實名制快篩試劑。服務時間：大約早上8:30起《賣完為止》，周日無休。
5939060120,民生藥局,雲林縣北港鎮民生路７０號,120.3027,23.56495,(05)7822476,羅氏家用新冠病毒抗原自我檢測套組,7,2022/05/13 17:52:32,上午8:30-晚上9:30，週末請先電話洽詢
5939060255,家庭藥局,雲林縣北港鎮文化路１０１號,120.3023,23.57082,(05)7826739,羅氏家用新冠病毒抗原自我檢測套組,23,2022/05/13 17:52:32,實名制快篩劑販售時間:早上10:30
5939060317,益安大藥局,雲林縣北港鎮華勝里公園路１８之２號,120.3028,23.57434,(05)7730779,羅氏家用新冠病毒抗原自我檢測套組,3,2022/05/13 17:52:32,篩劑...每天貨到販售..賣完為止
5939061501,南方藥局,雲林縣北港鎮共榮里博愛路１１９號,120.3037,23.56877,(05)7832178,羅氏家用新冠病毒抗原自我檢測套組,2,2022/05/13 17:52:32,販賣快篩時間:週一~日自08:00至售完為止
5939061805,宜康藥局,雲林縣北港鎮公園路１５９號,120.3011,23.57754,(05)7820685,羅氏家用新冠病毒抗原自我檢測套組,24,2022/05/13 17:52:32,販賣口罩時間:0830-2200
5939061850,北港家源藥局,雲林縣北港鎮大同路３０３號,120.2983,23.57261,(05)7832104,羅氏家用新冠病毒抗原自我檢測套組,50,2022/05/13 17:52:32,以健保卡購買快篩實名制，每天下午13:00開賣，現場排隊，售完為止。
5939061930,德豐藥局,雲林縣北港鎮公園路１２號,120.303,23.5735,(05)7835338,羅氏家用新冠病毒抗原自我檢測套組,26,2022/05/13 17:52:32,平日中午十二點到兩點休息，下午六點到六點半休息，週日全天休息
5939061949,大樹北港藥局,雲林縣北港鎮華勝路９９號,120.2986,23.57559,(05)7830783,羅氏家用新冠病毒抗原自我檢測套組,38,2022/05/13 17:52:32,快篩實名制，每天16:00開始販售，售完為止。
5939071285,振明藥局,雲林縣古坑鄉中山路１７０號,120.5619,23.64612,(05)5821229,羅氏家用新冠病毒抗原自我檢測套組,23,2022/05/13 17:52:32,無
5939071294,元林中西藥局,雲林縣古坑鄉西平村西平路９－２號１樓,120.5606,23.64679,(05)5828229,羅氏家用新冠病毒抗原自我檢測套組,1,2022/05/13 17:52:32,販賣口罩時間：08:00
5939071310,禾安藥局,雲林縣古坑鄉朝陽村中山路１３６－１號,120.562,23.64552,(05)5828318,羅氏家用新冠病毒抗原自我檢測套組,19,2022/05/13 17:52:32,口罩代售時間每日上午8:00發號碼販售，售完為止
5939111220,台丞藥局,雲林縣二崙鄉中山路１２１號,120.4126,23.76987,(05)5985599,羅氏家用新冠病毒抗原自我檢測套組,2,2022/05/13 17:52:32,週日公休 實名制快篩下午2:30開賣，售完為止
5939120069,慈恩藥局,雲林縣崙背鄉南陽村永昌路６２號,120.3514,23.76036,(05)6964122,羅氏家用新冠病毒抗原自我檢測套組,8,2022/05/13 17:52:32,口罩:0800-1200；1400-2100（販完為止）
5939121137,莊藥局,雲林縣崙背鄉民權路１８０號,120.3531,23.76169,(05)6960510,羅氏家用新冠病毒抗原自我檢測套組,13,2022/05/13 17:52:32,口罩:1200-1400
5939121164,立洲藥局,雲林縣崙背鄉正義路２９１、２９３號,120.355,23.76155,(05)6969331,羅氏家用新冠病毒抗原自我檢測套組,4,2022/05/13 17:52:32,快篩待售時間自9:00至售完為止
5939121208,詠大藥局,雲林縣崙背鄉南陽村中山路１０９－２號,120.3585,23.75958,(05)6967990,羅氏家用新冠病毒抗原自我檢測套組,19,2022/05/13 17:52:32,無
5939121271,崙背台丞藥局,雲林縣崙背鄉建國路５６號,120.3548,23.76012,(05)6966789,羅氏家用新冠病毒抗原自我檢測套組,72,2022/05/13 17:52:32,週日公休，下午２：３０開賣，售完為止。
5939140061,義和堂中西藥局,雲林縣東勢鄉東南村東勢東路１２號,120.2536,23.67503,(05)6991028,羅氏家用新冠病毒抗原自我檢測套組,13,2022/05/13 17:52:32,快篩試劑貨到就開賣
5939141219,安康藥局,雲林縣東勢鄉東南村康安路１８號,120.2553,23.67587,(05)6993866,羅氏家用新冠病毒抗原自我檢測套組,9,2022/05/13 17:52:32,星期一、三、五為8:00-19:00，星期二、四、六、日為8:00-12:00販售快篩試劑.
5939150012,博順藥局,雲林縣褒忠鄉中正路３２５之３號,120.3081,23.69338,(05)6971048,羅氏家用新冠病毒抗原自我檢測套組,12,2022/05/13 17:52:32,快篩試劑每天早上9點開始販售至售完止
5939171039,嘉民藥局,雲林縣元長鄉長南村元南路６２號,120.3124,23.64811,(05)7880513,羅氏家用新冠病毒抗原自我檢測套組,26,2022/05/13 17:52:32,無
5939171093,和平藥局,雲林縣元長鄉下寮村東興路３３號,120.334,23.61849,(05)7862551,羅氏家用新冠病毒抗原自我檢測套組,21,2022/05/13 17:52:32,販賣口罩時間：0800開賣，賣完為止
5939171128,順元藥局,雲林縣元長鄉中山路２５號,120.3132,23.64867,(05)7886555,羅氏家用新冠病毒抗原自我檢測套組,23,2022/05/13 17:52:32,早上8點開賣，賣完為止。周日休息。
5939190025,呂藥師藥局,雲林縣口湖鄉梧南村文光路１２號,120.1901,23.54536,(05)7907472,羅氏家用新冠病毒抗原自我檢測套組,40,2022/05/13 17:52:32,不固定營業時間，請先電話洽詢
5939200053,嘉南藥局,雲林縣水林鄉水北村自強街２號,120.245,23.57265,(05)7853216,羅氏家用新冠病毒抗原自我檢測套組,14,2022/05/13 17:52:32,早上開始營業同時販賣快篩.試劑（TEL:05-7853078）
5939201238,正大藥局,雲林縣水林鄉水林路４２號１樓,120.2448,23.5725,(05)7852069,羅氏家用新冠病毒抗原自我檢測套組,2,2022/05/13 17:52:32,固定每天早上8點開始販售，售完為止
5939201283,義生藥局,雲林縣水林鄉水林路１９７號,120.2445,23.57217,(05)7853701,羅氏家用新冠病毒抗原自我檢測套組,60,2022/05/13 17:52:32,販賣快篩時間:如營業時間
5939201345,金花藥局,雲林縣水林鄉水北村水林路２２２號,120.2406,23.57206,(05)7856112,羅氏家用新冠病毒抗原自我檢測套組,9,2022/05/13 17:52:32,禮拜三六日半天，休息時間12-14
5940031368,溝背藥局,嘉義縣大林鎮義和里三塊厝７－７號,120.4859,23.61441,(05)2955878,羅氏家用新冠病毒抗原自我檢測套組,4,2022/05/13 17:52:32,快篩早上10點開始販賣，週日不販賣快篩.營業時間星期一至星期六0800-1200；1430-1930.星期日0800-1200，下午晚上休息.
5940031386,大樹大林藥局,嘉義縣大林鎮祥和路１９２號,120.4527,23.60447,(05)2641800,羅氏家用新冠病毒抗原自我檢測套組,5,2022/05/13 17:52:32,快篩實名制，每天16:00開始販售，售完為止。
5940031402,信沅中西藥局,嘉義縣大林鎮西林里０１１鄰中正路４２０號,120.4528,23.60129,(05)2656377,羅氏家用新冠病毒抗原自我檢測套組,78,2022/05/13 17:52:32,每日19:00開始發卡跟販售，售完為止。有自費25入居家快篩，公司行號有需求請電洽。
5940040045,七星藥局,嘉義縣民雄鄉東榮村中樂路１６號,120.4313,23.55643,(05)2261977,羅氏家用新冠病毒抗原自我檢測套組,5,2022/05/13 17:52:32,周一~周日 08:00-售罄
5940040072,三和藥局,嘉義縣民雄鄉中樂村中樂路５３號,120.4302,23.55603,(05)2262488,羅氏家用新冠病毒抗原自我檢測套組,55,2022/05/13 17:52:32,現場到貨後開始賣，星期天沒有販售
5940040170,健安藥局,嘉義縣民雄鄉興南村頭橋４５號,120.439,23.52336,(05)2211797,羅氏家用新冠病毒抗原自我檢測套組,13,2022/05/13 17:52:32,營業:上午9點至下午9點.週日下午6點至9點
5940040232,鈞安藥局,嘉義縣民雄鄉山中村１８７之５號,120.4103,23.51833,(05)2218622,羅氏家用新冠病毒抗原自我檢測套組,10,2022/05/13 17:52:32,上午7:00-晚上9:30，六日不定期休息
5940040321,上安藥局,嘉義縣民雄鄉西安路４６－２３號,120.4259,23.55737,(05)2261216,羅氏家用新冠病毒抗原自我檢測套組,26,2022/05/13 17:52:32,上午0830開賣-售罄為止
5940040349,正道藥局,嘉義縣民雄鄉中樂村復興路３８號,120.4304,23.55706,(05)2268345,羅氏家用新冠病毒抗原自我檢測套組,91,2022/05/13 17:52:32,周一~周六 15:00-售罄周日 視人力彈性發放08:30-12:00
5940041435,嘉方藥局,嘉義縣民雄鄉中樂村昇平路５８號,120.4303,23.55781,(05)2066747,羅氏家用新冠病毒抗原自我檢測套組,32,2022/05/13 17:52:32,早上08:00開始販賣，賣完為止，周六晚休、周日午晚休
5940041480,安生藥局,嘉義縣民雄鄉昇平路１２號,120.43,23.55676,(05)2262053,羅氏家用新冠病毒抗原自我檢測套組,6,2022/05/13 17:52:32,周一~周日 08:30-售罄
5940041515,福樂藥局,嘉義縣民雄鄉福樂村建國路三段２５６號,120.4391,23.52621,(05)2130802,羅氏家用新冠病毒抗原自我檢測套組,4,2022/05/13 17:52:32,周一~周五08:00-12:00 16:00-20:00周六 08:00-12:00
5940041668,民雄照安藥局,嘉義縣民雄鄉中樂路２１號１樓,120.431,23.55621,(05)2060368,羅氏家用新冠病毒抗原自我檢測套組,15,2022/05/13 17:52:32,周一至周日早上8:00開始販售快篩，現場排隊，售完為止
5940041720,民雄久久藥局,嘉義縣民雄鄉西安村安和路２號之１,120.4277,23.55599,(05)2263294,羅氏家用新冠病毒抗原自我檢測套組,1,2022/05/13 17:52:32,快篩領取:配送到貨開始販售，至售完為止
5940041739,民雄藥局,嘉義縣民雄鄉東榮村００５鄰建國路一段１１７號,120.4333,23.55681,(05)2264566,羅氏家用新冠病毒抗原自我檢測套組,54,2022/05/13 17:52:32,快篩實名制，每天16:00開始販售，售完為止。
5940041748,大祐藥局,嘉義縣民雄鄉西安村西安路２１－１號１樓,120.4272,23.5564,(05)2067077,羅氏家用新冠病毒抗原自我檢測套組,52,2022/05/13 17:52:32,週日下午晚上休息
5940041784,福興瑞安藥局,嘉義縣民雄鄉東榮村東榮路１０號,120.4332,23.55743,(05)2265396,羅氏家用新冠病毒抗原自我檢測套組,88,2022/05/13 17:52:32,因物流配送時間不確定，每日實名制快篩販售時間請見Facebook粉絲專頁或goole maps貼文公告
5940041800,棋德藥局,嘉義縣民雄鄉建國路一段１９９號,120.4336,23.5584,(05)2060121,羅氏家用新冠病毒抗原自我檢測套組,73,2022/05/13 17:52:32,無
5940050069,明生藥局,嘉義縣溪口鄉溪東村民生街１５５號,120.3962,23.60334,(05)2698027,羅氏家用新冠病毒抗原自我檢測套組,12,2022/05/13 17:52:32,08:00~售罄
5940051100,滋元藥局,嘉義縣溪口鄉中正路１０９之３號,120.3966,23.60433,(05)2696287,羅氏家用新冠病毒抗原自我檢測套組,2,2022/05/13 17:52:32,周一 ～ 周六（0800~1930）、周日（0800~1200）
5940051119,宇安藥局,嘉義縣溪口鄉坪頂村溪民路３１號,120.4003,23.60387,(05)2697736,羅氏家用新冠病毒抗原自我檢測套組,6,2022/05/13 17:52:32,8:00-12:00，14:00-19:00，六日，8:00-12:00， 販售快篩
5940051164,濟安藥局,嘉義縣溪口鄉民生街５４號,120.3985,23.60407,(05)2696078,羅氏家用新冠病毒抗原自我檢測套組,48,2022/05/13 17:52:32,無
5940120039,李藥局,嘉義縣水上鄉民生村忠孝街１１１號,120.4341,23.44735,(05)2355389,羅氏家用新冠病毒抗原自我檢測套組,28,2022/05/13 17:52:32,每天下午1:00開始販售.周日休息
5940121205,楊藥局,嘉義縣水上鄉忠和村６８之５號,120.4379,23.42084,(05)2890687,羅氏家用新冠病毒抗原自我檢測套組,11,2022/05/13 17:52:32,快篩實名制販售時間更改為每日早上八點，依現場排隊。
5940121303,宏益藥局,嘉義縣水上鄉正義路５１號,120.3995,23.43025,(05)2601714,羅氏家用新冠病毒抗原自我檢測套組,8,2022/05/13 17:52:32,快篩販售時間: 禮拜一~禮拜日上午8:00~12:00   下午15:00~18:00  晚上18:30~20:30    售完為止
5940121376,水上弘安藥局,嘉義縣水上鄉寬士村崎子頭１號附１２５,120.4292,23.45,(05)2858000,羅氏家用新冠病毒抗原自我檢測套組,15,2022/05/13 17:52:32,08:00-22:00營業 快篩實名制因配送時間不定、販售時間將於本店群組公告
5940131363,和睦藥局,嘉義縣中埔鄉中山路５段８２１號１樓,120.4618,23.45158,(05)2395283,羅氏家用新冠病毒抗原自我檢測套組,28,2022/05/13 17:52:32,每星期日無販售快篩      每週一週四早（8:30）  晚（19:00）販售各39份
5940141289,好鄰居藥局,嘉義縣竹崎鄉灣橋村灣橋３４１號,120.5053,23.49111,(05)2793899,羅氏家用新冠病毒抗原自我檢測套組,1,2022/05/13 17:52:32,快篩販賣時間為早上11點，星期六固定公休，5／8為下午5點開賣。
5941010309,鴻達藥局,臺南市新營區民生里復興路１２４號,120.3101,23.3035,(06)6358837,羅氏家用新冠病毒抗原自我檢測套組,76,2022/05/13 17:52:32,無
5941310162,重安藥局,臺南市永康區龍潭街１９０號,120.2672,23.0337,(06)2327271,羅氏家用新冠病毒抗原自我檢測套組,72,2022/05/13 17:52:32,實名制快篩周一至周日下午18:00開始販售
5942020130,建成藥局,高雄市岡山區台上里大仁路９７號,120.3016,22.8053,(07)6210458,羅氏家用新冠病毒抗原自我檢測套組,1,2022/05/13 17:52:32,營業日.販賣快篩劑.時間15:00-18:00.或至售完為止
5943013853,復順藥局,屏東縣屏東市公園東路８４－２號,120.4986,22.67217,(08)7215662,羅氏家用新冠病毒抗原自我檢測套組,3,2022/05/13 17:52:32,自2／11日~12／31日，快篩需預約排隊登記，今日無餘額
5945012247,和信藥局,花蓮縣花蓮市中福路１３３號,121.6019,23.97208,(03)8330916,羅氏家用新冠病毒抗原自我檢測套組,78,2022/05/13 17:52:32,營業時間:上午8:30至12點.下午17:30至21點，口罩販賣時間12:30開始，現場排隊售完為止
5945013057,富強健康藥局,花蓮縣花蓮市國裕里２２鄰富強路１２８號,121.5971,23.99707,(03)8571839,羅氏家用新冠病毒抗原自我檢測套組,9,2022/05/13 17:52:32,快篩領取時間:12:00~13:00止。營業時間:  8:30~13:00（11:30~12:00休息）／17:30~21:30公休日:另行通知。
5945051646,花蓮建國藥局,花蓮縣吉安鄉建國路１段１３７－１號,121.5915,23.98574,(03)8461699,羅氏家用新冠病毒抗原自我檢測套組,9,2022/05/13 17:52:32,快篩實名制，每天16:00開始販售，售完為止。
5946012205,欣華藥局,臺東縣臺東市更生路７７號１樓,121.1486,22.75825,(089)320676,羅氏家用新冠病毒抗原自我檢測套組,28,2022/05/13 17:52:32,快篩販賣時段:滾動式配送，滾動示販售
5946080552,伯安健康藥局,臺東縣長濱鄉長濱村１０鄰長濱路１０５號,121.4515,23.31496,(089)832519,羅氏家用新冠病毒抗原自我檢測套組,24,2022/05/13 17:52:32,無
5946101118,伯安藥局,臺東縣池上鄉新生路１１６號,121.2187,23.12315,(089)863585,羅氏家用新冠病毒抗原自我檢測套組,24,2022/05/13 17:52:32,早0800-1200，午1400-1800，晚1800-2000
